target,seed,method,round,hv,base_hv,upper_hv,recovery
ESR2,42,analytic_ehvi,0,152.30740356445312,152.30740356445312,152.30740356445312,0.0
ESR2,42,analytic_ehvi,1,175.892822265625,152.30740356445312,190.34532165527344,0.6200501995103602
ESR2,42,analytic_ehvi,2,186.6813201904297,152.30740356445312,190.99220275878906,0.8885639150741526
ESR2,42,analytic_ehvi,3,189.6074981689453,152.30740356445312,193.05113220214844,0.9154806359568883
ESR2,42,analytic_ehvi,4,191.61541748046875,152.30740356445312,193.923583984375,0.9445368008160279
ESR2,42,analytic_ehvi,5,193.29742431640625,152.30740356445312,195.08409118652344,0.9582326970731747
ESR2,42,analytic_ehvi,6,193.46307373046875,152.30740356445312,195.26646423339844,0.9580207184503607
ESR2,42,analytic_ehvi,7,193.48553466796875,152.30740356445312,195.2821807861328,0.9581930091482196
ESR2,42,analytic_ehvi,8,193.5858917236328,152.30740356445312,195.37794494628906,0.9583926004837262
ESR2,42,analytic_ehvi,9,196.12063598632807,152.30740356445312,196.53543090820312,0.990621446472139
ESR2,42,analytic_ehvi,10,196.4576568603516,152.30740356445312,196.7374725341797,0.9937021102978986
ESR2,43,analytic_ehvi,0,148.5709228515625,148.5709228515625,148.5709228515625,0.0
ESR2,43,analytic_ehvi,1,173.72120666503906,148.5709228515625,187.1979217529297,0.6511063382815997
ESR2,43,analytic_ehvi,2,186.40272521972656,148.5709228515625,190.1638946533203,0.9095719956842614
ESR2,43,analytic_ehvi,3,186.8515167236328,148.5709228515625,190.4430389404297,0.9142263980837649
ESR2,43,analytic_ehvi,4,187.43344116210935,148.5709228515625,190.61727905273438,0.924277911850628
ESR2,43,analytic_ehvi,5,188.13873291015625,148.5709228515625,191.6148223876953,0.9192431560569672
ESR2,43,analytic_ehvi,6,190.96304321289065,148.5709228515625,194.7945556640625,0.9171092314030387
ESR2,43,analytic_ehvi,7,192.17379760742188,148.5709228515625,194.88278198242188,0.9415056008149995
ESR2,43,analytic_ehvi,8,192.1998291015625,148.5709228515625,194.8848419189453,0.9420257911347052
ESR2,43,analytic_ehvi,9,192.2067413330078,148.5709228515625,195.13641357421875,0.9370849056727428
ESR2,43,analytic_ehvi,10,192.71197509765625,148.5709228515625,196.3523406982422,0.923812105947398
ESR2,44,analytic_ehvi,0,152.67543029785156,152.67543029785156,152.67543029785156,0.0
ESR2,44,analytic_ehvi,1,177.9629364013672,152.67543029785156,185.36387634277344,0.7735915640885602
ESR2,44,analytic_ehvi,2,185.90573120117188,152.67543029785156,187.86514282226562,0.9443186238098893
ESR2,44,analytic_ehvi,3,188.19122314453125,152.67543029785156,189.82940673828125,0.9559082566471301
ESR2,44,analytic_ehvi,4,190.048583984375,152.67543029785156,190.75418090820312,0.9814700610571947
ESR2,44,analytic_ehvi,5,191.8658447265625,152.67543029785156,192.48825073242188,0.9843666939677821
ESR2,44,analytic_ehvi,6,195.0274658203125,152.67543029785156,195.23214721679688,0.9951903856476002
ESR2,44,analytic_ehvi,7,195.0880279541016,152.67543029785156,197.01052856445312,0.9566370508803002
ESR2,44,analytic_ehvi,8,195.892333984375,152.67543029785156,197.09982299804688,0.9728192342026869
ESR2,44,analytic_ehvi,9,196.19732666015625,152.67543029785156,197.3465576171875,0.9742735179075321
ESR2,44,analytic_ehvi,10,196.2271881103516,152.67543029785156,197.38526916503906,0.9740978477214467
ESR2,42,analytic_pomhi,0,152.30740356445312,152.30740356445312,152.30740356445312,0.0
ESR2,42,analytic_pomhi,1,178.80255126953125,152.30740356445312,190.34532165527344,0.6965456848037168
ESR2,42,analytic_pomhi,2,187.04586791992188,152.30740356445312,190.99220275878906,0.8979874544768222
ESR2,42,analytic_pomhi,3,188.7852783203125,152.30740356445312,193.05113220214844,0.8953003560432795
ESR2,42,analytic_pomhi,4,191.4222869873047,152.30740356445312,193.923583984375,0.9398960459169643
ESR2,42,analytic_pomhi,5,192.65452575683597,152.30740356445312,195.08409118652344,0.943203516570695
ESR2,42,analytic_pomhi,6,192.81741333007807,152.30740356445312,195.26646423339844,0.9429910508939325
ESR2,42,analytic_pomhi,7,192.84657287597656,152.30740356445312,195.2821807861328,0.943324711199956
ESR2,42,analytic_pomhi,8,193.0726776123047,152.30740356445312,195.37794494628906,0.9464769362068763
ESR2,42,analytic_pomhi,9,195.7930908203125,152.30740356445312,196.53543090820312,0.9832156184104484
ESR2,42,analytic_pomhi,10,195.99522399902344,152.30740356445312,196.7374725341797,0.9832940044351046
ESR2,43,analytic_pomhi,0,148.5709228515625,148.5709228515625,148.5709228515625,0.0
ESR2,43,analytic_pomhi,1,173.79627990722656,148.5709228515625,187.1979217529297,0.653049881511018
ESR2,43,analytic_pomhi,2,185.9566345214844,148.5709228515625,190.1638946533203,0.8988468496098636
ESR2,43,analytic_pomhi,3,186.32281494140625,148.5709228515625,190.4430389404297,0.9015998142945799
ESR2,43,analytic_pomhi,4,187.0506591796875,148.5709228515625,190.61727905273438,0.9151741031735952
ESR2,43,analytic_pomhi,5,188.04608154296875,148.5709228515625,191.6148223876953,0.9170906706133627
ESR2,43,analytic_pomhi,6,190.87628173828125,148.5709228515625,194.7945556640625,0.9152322375509687
ESR2,43,analytic_pomhi,7,192.09999084472656,148.5709228515625,194.88278198242188,0.9399119104713066
ESR2,43,analytic_pomhi,8,192.1240081787109,148.5709228515625,194.8848419189453,0.9403886823695998
ESR2,43,analytic_pomhi,9,192.1309967041016,148.5709228515625,195.13641357421875,0.935458279866148
ESR2,43,analytic_pomhi,10,192.63787841796875,148.5709228515625,196.3523406982422,0.9222613633569362
ESR2,44,analytic_pomhi,0,152.67543029785156,152.67543029785156,152.67543029785156,0.0
ESR2,44,analytic_pomhi,1,177.2050018310547,152.67543029785156,185.36387634277344,0.7504049442880683
ESR2,44,analytic_pomhi,2,185.92193603515625,152.67543029785156,187.86514282226562,0.9447791229962106
ESR2,44,analytic_pomhi,3,187.92526245117188,152.67543029785156,189.82940673828125,0.9487499194019687
ESR2,44,analytic_pomhi,4,190.0899200439453,152.67543029785156,190.75418090820312,0.9825556024394027
ESR2,44,analytic_pomhi,5,191.90679931640625,152.67543029785156,192.48825073242188,0.9853953724034397
ESR2,44,analytic_pomhi,6,195.0343017578125,152.67543029785156,195.23214721679688,0.9953510168709396
ESR2,44,analytic_pomhi,7,195.12600708007807,152.67543029785156,197.01052856445312,0.9574936887916023
ESR2,44,analytic_pomhi,8,195.93630981445312,152.67543029785156,197.09982299804688,0.9738091369881882
ESR2,44,analytic_pomhi,9,196.2094268798828,152.67543029785156,197.3465576171875,0.9745443912983033
ESR2,44,analytic_pomhi,10,196.21731567382807,152.67543029785156,197.38526916503906,0.9738770364464866
ESR2,42,qpmhi_mc_bnn,0,173.93540954589844,173.93540954589844,173.93540954589844,0.0
ESR2,42,qpmhi_mc_bnn,1,179.53213500976562,173.93540954589844,183.78427124023438,0.5682611491118669
ESR2,42,qpmhi_mc_bnn,2,179.84779357910156,173.93540954589844,184.281494140625,0.5714610178440537
ESR2,42,qpmhi_mc_bnn,3,180.93653869628903,173.93540954589844,185.73727416992188,0.5932222893100602
ESR2,42,qpmhi_mc_bnn,4,181.01597595214844,173.93540954589844,186.13992309570312,0.5801596579294479
ESR2,42,qpmhi_mc_bnn,5,181.05345153808597,173.93540954589844,188.8538055419922,0.47713185747658965
ESR2,42,qpmhi_mc_bnn,6,181.2481384277344,173.93540954589844,189.08009338378906,0.4828578107084799
ESR2,42,qpmhi_mc_bnn,7,181.24855041503903,173.93540954589844,189.72381591796875,0.4631968988382223
ESR2,42,qpmhi_mc_bnn,8,181.9078369140625,173.93540954589844,190.0047607421875,0.4961262760879329
ESR2,42,qpmhi_mc_bnn,9,181.9464874267578,173.93540954589844,191.7615509033203,0.4494005584402022
ESR2,42,qpmhi_mc_bnn,10,186.3195343017578,173.93540954589844,194.8154296875,0.5931088510391386
ESR2,43,qpmhi_mc_bnn,0,158.84103393554688,158.84103393554688,158.84103393554688,0.0
ESR2,43,qpmhi_mc_bnn,1,179.38453674316406,158.84103393554688,184.64414978027344,0.7961636467177163
ESR2,43,qpmhi_mc_bnn,2,180.60357666015625,158.84103393554688,185.638427734375,0.8121141513978524
ESR2,43,qpmhi_mc_bnn,3,181.2217559814453,158.84103393554688,186.73538208007812,0.8023389516017864
ESR2,43,qpmhi_mc_bnn,4,185.0854034423828,158.84103393554688,187.39315795898438,0.9191739810773026
ESR2,43,qpmhi_mc_bnn,5,187.4390869140625,158.84103393554688,188.53741455078125,0.9630147642923427
ESR2,43,qpmhi_mc_bnn,6,188.23326110839844,158.84103393554688,189.06036376953125,0.9726300131182042
ESR2,43,qpmhi_mc_bnn,7,188.2891998291016,158.84103393554688,191.62725830078125,0.8981871643866609
ESR2,43,qpmhi_mc_bnn,8,188.3545837402344,158.84103393554688,191.72337341308594,0.897550182670164
ESR2,43,qpmhi_mc_bnn,9,188.6333465576172,158.84103393554688,192.02841186523438,0.8977001040934856
ESR2,43,qpmhi_mc_bnn,10,188.6333465576172,158.84103393554688,192.04208374023438,0.8973304397701327
ESR2,44,qpmhi_mc_bnn,0,160.93531799316406,160.93531799316406,160.93531799316406,0.0
ESR2,44,qpmhi_mc_bnn,1,176.29766845703125,160.93531799316406,183.1536407470703,0.6914270997871025
ESR2,44,qpmhi_mc_bnn,2,177.31393432617188,160.93531799316406,184.13528442382812,0.7059758634546869
ESR2,44,qpmhi_mc_bnn,3,180.53103637695312,160.93531799316406,187.080810546875,0.7494874439077172
ESR2,44,qpmhi_mc_bnn,4,180.77276611328125,160.93531799316406,188.2629852294922,0.7259107756459435
ESR2,44,qpmhi_mc_bnn,5,181.2563018798828,160.93531799316406,188.9871826171875,0.724407598535036
ESR2,44,qpmhi_mc_bnn,6,183.98638916015625,160.93531799316406,192.54136657714844,0.7293246767542076
ESR2,44,qpmhi_mc_bnn,7,184.6734313964844,160.93531799316406,192.87013244628906,0.7433302434922221
ESR2,44,qpmhi_mc_bnn,8,184.69940185546875,160.93531799316406,194.29718017578125,0.7123128718722029
ESR2,44,qpmhi_mc_bnn,9,184.81954956054688,160.93531799316406,194.3539276123047,0.7146985419077111
ESR2,44,qpmhi_mc_bnn,10,185.6395568847656,160.93531799316406,194.47772216796875,0.7365076982215268
ESR2,42,random,0,173.93540954589844,173.93540954589844,173.93540954589844,0.0
ESR2,42,random,1,177.48529052734375,173.93540954589844,183.78427124023438,0.360435661665027
ESR2,42,random,2,177.60516357421875,173.93540954589844,184.281494140625,0.3546997895407505
ESR2,42,random,3,177.60653686523438,173.93540954589844,185.73727416992188,0.3110633307776745
ESR2,42,random,4,177.76177978515625,173.93540954589844,186.13992309570312,0.31352091368844826
ESR2,42,random,5,181.498046875,173.93540954589844,188.8538055419922,0.5069336764543435
ESR2,42,random,6,181.69329833984372,173.93540954589844,189.08009338378906,0.5122516175963839
ESR2,42,random,7,182.00582885742188,173.93540954589844,189.72381591796875,0.5111611090654474
ESR2,42,random,8,182.53826904296875,173.93540954589844,190.0047607421875,0.5353582351885491
ESR2,42,random,9,184.7927398681641,173.93540954589844,191.7615509033203,0.6090678910579393
ESR2,42,random,10,184.79786682128903,173.93540954589844,194.8154296875,0.5202321262970493
ESR2,43,random,0,158.84103393554688,158.84103393554688,158.84103393554688,0.0
ESR2,43,random,1,174.19154357910156,158.84103393554688,184.64414978027344,0.5949091472490483
ESR2,43,random,2,176.86952209472656,158.84103393554688,185.638427734375,0.6727702064806053
ESR2,43,random,3,177.34893798828125,158.84103393554688,186.73538208007812,0.6635001455075369
ESR2,43,random,4,177.38278198242188,158.84103393554688,187.39315795898438,0.6493999546812941
ESR2,43,random,5,177.46734619140625,158.84103393554688,188.53741455078125,0.6272249974565586
ESR2,43,random,6,177.72183227539062,158.84103393554688,189.06036376953125,0.6247920931261216
ESR2,43,random,7,177.7300567626953,158.84103393554688,191.62725830078125,0.5761268091356638
ESR2,43,random,8,177.7814483642578,158.84103393554688,191.72337341308594,0.5760056835873423
ESR2,43,random,9,177.80429077148438,158.84103393554688,192.02841186523438,0.5713996711675758
ESR2,43,random,10,178.81832885742188,158.84103393554688,192.04208374023438,0.6017067243173286
ESR2,44,random,0,160.93531799316406,160.93531799316406,160.93531799316406,0.0
ESR2,44,random,1,173.5570068359375,160.93531799316406,183.1536407470703,0.5680756816152737
ESR2,44,random,2,174.95974731445312,160.93531799316406,184.13528442382812,0.6045021385355356
ESR2,44,random,3,177.2860565185547,160.93531799316406,187.080810546875,0.6253750428224347
ESR2,44,random,4,177.54666137695312,160.93531799316406,188.2629852294922,0.6078580817065394
ESR2,44,random,5,178.66354370117188,160.93531799316406,188.9871826171875,0.6319802959845127
ESR2,44,random,6,178.96917724609375,160.93531799316406,192.54136657714844,0.5705825328025321
ESR2,44,random,7,179.0538787841797,160.93531799316406,192.87013244628906,0.5673607660257636
ESR2,44,random,8,179.1117401123047,160.93531799316406,194.29718017578125,0.5448263654962054
ESR2,44,random,9,179.60272216796875,160.93531799316406,194.3539276123047,0.5585930829424114
ESR2,44,random,10,179.7501220703125,160.93531799316406,194.47772216796875,0.5609259246622859
F2,42,analytic_ehvi,0,157.5509490966797,157.5509490966797,157.5509490966797,0.0
F2,42,analytic_ehvi,1,181.9474029541016,157.5509490966797,187.0118408203125,0.8280962465861704
F2,42,analytic_ehvi,2,188.6067352294922,157.5509490966797,190.31993103027344,0.9477189799715768
F2,42,analytic_ehvi,3,191.8155059814453,157.5509490966797,192.62075805664062,0.9770385953309678
F2,42,analytic_ehvi,4,195.47344970703125,157.5509490966797,195.65719604492188,0.9951780520884096
F2,42,analytic_ehvi,5,195.9188995361328,157.5509490966797,196.04293823242188,0.9967775451704602
F2,42,analytic_ehvi,6,196.033203125,157.5509490966797,196.15225219726562,0.9969159312587088
F2,42,analytic_ehvi,7,196.1161956787109,157.5509490966797,196.28953552246094,0.9955253957425079
F2,42,analytic_ehvi,8,197.48585510253903,157.5509490966797,197.7084197998047,0.9944577013101491
F2,42,analytic_ehvi,9,197.64874267578125,157.5509490966797,197.83447265625,0.9953894306143777
F2,42,analytic_ehvi,10,197.67042541503903,157.5509490966797,197.85562133789062,0.9954051003877851
F2,43,analytic_ehvi,0,155.98800659179688,155.98800659179688,155.98800659179688,0.0
F2,43,analytic_ehvi,1,182.0567321777344,155.98800659179688,188.29371643066406,0.8069386407530378
F2,43,analytic_ehvi,2,187.6951446533203,155.98800659179688,191.4051513671875,0.8952482833555498
F2,43,analytic_ehvi,3,190.1900634765625,155.98800659179688,193.37954711914062,0.9147003948594813
F2,43,analytic_ehvi,4,191.1819610595703,155.98800659179688,193.4705352783203,0.9389429075639488
F2,43,analytic_ehvi,5,193.19651794433597,155.98800659179688,194.78689575195312,0.9590097076993027
F2,43,analytic_ehvi,6,193.29006958007807,155.98800659179688,194.84259033203125,0.9600427902578318
F2,43,analytic_ehvi,7,195.27734375,155.98800659179688,196.7744140625,0.9632948718620206
F2,43,analytic_ehvi,8,196.1519927978516,155.98800659179688,197.56478881835938,0.9660195920692203
F2,43,analytic_ehvi,9,196.15733337402344,155.98800659179688,197.56919860839844,0.9660455805641334
F2,43,analytic_ehvi,10,196.2242889404297,155.98800659179688,198.05996704101562,0.9563681349529309
F2,44,analytic_ehvi,0,156.98765563964844,156.98765563964844,156.98765563964844,0.0
F2,44,analytic_ehvi,1,181.6339569091797,156.98765563964844,188.6893768310547,0.7774436321839966
F2,44,analytic_ehvi,2,185.1363525390625,156.98765563964844,189.19117736816406,0.8740875341745282
F2,44,analytic_ehvi,3,191.0090484619141,156.98765563964844,192.595703125,0.9554411214560802
F2,44,analytic_ehvi,4,194.34022521972656,156.98765563964844,194.59799194335938,0.993146386101116
F2,44,analytic_ehvi,5,195.15171813964844,156.98765563964844,195.294921875,0.9962617083017162
F2,44,analytic_ehvi,6,197.5560302734375,156.98765563964844,197.6814727783203,0.9969174062866764
F2,44,analytic_ehvi,7,198.09439086914065,156.98765563964844,198.29681396484375,0.9950998010148361
F2,44,analytic_ehvi,8,198.31790161132807,156.98765563964844,198.5185089111328,0.9951696802737621
F2,44,analytic_ehvi,9,198.3454742431641,156.98765563964844,198.53485107421875,0.9954418865323197
F2,44,analytic_ehvi,10,198.58660888671875,156.98765563964844,198.732666015625,0.9965012075074174
F2,42,analytic_pomhi,0,157.5509490966797,157.5509490966797,157.5509490966797,0.0
F2,42,analytic_pomhi,1,181.9474029541016,157.5509490966797,187.0118408203125,0.8280962465861704
F2,42,analytic_pomhi,2,185.1162109375,157.5509490966797,190.31993103027344,0.8411998241715668
F2,42,analytic_pomhi,3,188.15576171875,157.5509490966797,192.62075805664062,0.8726826158936796
F2,42,analytic_pomhi,4,195.0235595703125,157.5509490966797,195.65719604492188,0.9833718477846949
F2,42,analytic_pomhi,5,195.5924530029297,157.5509490966797,196.04293823242188,0.9882966497807232
F2,42,analytic_pomhi,6,195.706298828125,157.5509490966797,196.15225219726562,0.9884471939204079
F2,42,analytic_pomhi,7,195.85850524902344,157.5509490966797,196.28953552246094,0.9888733608216886
F2,42,analytic_pomhi,8,197.227783203125,157.5509490966797,197.7084197998047,0.9880312034532024
F2,42,analytic_pomhi,9,197.4168243408203,157.5509490966797,197.83447265625,0.9896322794402014
F2,42,analytic_pomhi,10,197.43826293945312,157.5509490966797,197.85562133789062,0.9896449127302229
F2,43,analytic_pomhi,0,155.98800659179688,155.98800659179688,155.98800659179688,0.0
F2,43,analytic_pomhi,1,182.2187347412109,155.98800659179688,188.29371643066406,0.8119533135240289
F2,43,analytic_pomhi,2,187.34228515625,155.98800659179688,191.4051513671875,0.885285326168908
F2,43,analytic_pomhi,3,192.0799865722656,155.98800659179688,193.37954711914062,0.965244530486122
F2,43,analytic_pomhi,4,192.44927978515625,155.98800659179688,193.4705352783203,0.9727538261437723
F2,43,analytic_pomhi,5,194.07012939453125,155.98800659179688,194.78689575195312,0.9815261113671795
F2,43,analytic_pomhi,6,194.17947387695312,155.98800659179688,194.84259033203125,0.9829333789930309
F2,43,analytic_pomhi,7,196.1475524902344,155.98800659179688,196.7744140625,0.9846306254671763
F2,43,analytic_pomhi,8,197.0217742919922,155.98800659179688,197.56478881835938,0.9869394768597493
F2,43,analytic_pomhi,9,197.03030395507807,155.98800659179688,197.56919860839844,0.9870399421665158
F2,43,analytic_pomhi,10,197.09344482421875,155.98800659179688,198.05996704101562,0.9770269270441182
F2,44,analytic_pomhi,0,156.98765563964844,156.98765563964844,156.98765563964844,0.0
F2,44,analytic_pomhi,1,181.6386566162109,156.98765563964844,188.6893768310547,0.7775918798770113
F2,44,analytic_pomhi,2,184.8311920166016,156.98765563964844,189.19117736816406,0.8646115357097176
F2,44,analytic_pomhi,3,190.8562164306641,156.98765563964844,192.595703125,0.9511490571042543
F2,44,analytic_pomhi,4,194.23907470703125,156.98765563964844,194.59799194335938,0.990456952221065
F2,44,analytic_pomhi,5,195.0863494873047,156.98765563964844,195.294921875,0.9945552787188235
F2,44,analytic_pomhi,6,197.49411010742188,156.98765563964844,197.6814727783203,0.995395795133694
F2,44,analytic_pomhi,7,198.04147338867188,156.98765563964844,198.29681396484375,0.9938187901539466
F2,44,analytic_pomhi,8,198.2711181640625,156.98765563964844,198.5185089111328,0.9940432057715468
F2,44,analytic_pomhi,9,198.31658935546875,156.98765563964844,198.53485107421875,0.9947466557858586
F2,44,analytic_pomhi,10,198.51986694335935,156.98765563964844,198.732666015625,0.9949024070098659
F2,42,qpmhi_mc_bnn,0,170.15879821777344,170.15879821777344,170.15879821777344,0.0
F2,42,qpmhi_mc_bnn,1,180.64178466796875,170.15879821777344,183.9816131591797,0.7583828977405696
F2,42,qpmhi_mc_bnn,2,181.5300445556641,170.15879821777344,191.3467254638672,0.5366851700884087
F2,42,qpmhi_mc_bnn,3,181.84869384765625,170.15879821777344,194.61181640625,0.47805532796731215
F2,42,qpmhi_mc_bnn,4,184.8881683349609,170.15879821777344,194.97666931152344,0.5934985342436095
F2,42,qpmhi_mc_bnn,5,187.62530517578125,170.15879821777344,195.2117919921875,0.697182425193666
F2,42,qpmhi_mc_bnn,6,187.74313354492188,170.15879821777344,195.44483947753906,0.6954166983476411
F2,42,qpmhi_mc_bnn,7,187.77914428710935,170.15879821777344,195.55221557617188,0.6938942411982325
F2,42,qpmhi_mc_bnn,8,187.8662872314453,170.15879821777344,197.26260375976562,0.6533211355223713
F2,42,qpmhi_mc_bnn,9,187.9574432373047,170.15879821777344,197.39283752441406,0.6535440747194379
F2,42,qpmhi_mc_bnn,10,188.0315704345703,170.15879821777344,198.6370849609375,0.6275929580309835
F2,43,qpmhi_mc_bnn,0,180.01705932617188,180.01705932617188,180.01705932617188,0.0
F2,43,qpmhi_mc_bnn,1,185.57568359375,180.01705932617188,185.8894805908203,0.9465642904470515
F2,43,qpmhi_mc_bnn,2,187.80918884277344,180.01705932617188,190.2013702392578,0.7651111187689063
F2,43,qpmhi_mc_bnn,3,188.1161651611328,180.01705932617188,190.69180297851562,0.7587166585665686
F2,43,qpmhi_mc_bnn,4,188.2563018798828,180.01705932617188,191.50103759765625,0.7174554286792433
F2,43,qpmhi_mc_bnn,5,188.8650665283203,180.01705932617188,193.18820190429688,0.6717721829876365
F2,43,qpmhi_mc_bnn,6,189.17599487304688,180.01705932617188,194.88572692871094,0.6159889905206413
F2,43,qpmhi_mc_bnn,7,189.17843627929688,180.01705932617188,197.031005859375,0.5384627802401021
F2,43,qpmhi_mc_bnn,8,189.22866821289065,180.01705932617188,197.09591674804688,0.5393574440711902
F2,43,qpmhi_mc_bnn,9,189.5283660888672,180.01705932617188,198.34080505371094,0.5190700037056621
F2,43,qpmhi_mc_bnn,10,190.1194000244141,180.01705932617188,198.602294921875,0.5435680729588308
F2,44,qpmhi_mc_bnn,0,172.4484405517578,172.4484405517578,172.4484405517578,0.0
F2,44,qpmhi_mc_bnn,1,183.44866943359372,172.4484405517578,191.86358642578125,0.5665797698977737
F2,44,qpmhi_mc_bnn,2,184.22933959960935,172.4484405517578,193.80816650390625,0.5515472939233366
F2,44,qpmhi_mc_bnn,3,184.38037109375,172.4484405517578,193.97239685058594,0.5543558245675226
F2,44,qpmhi_mc_bnn,4,184.4057159423828,172.4484405517578,194.3865509033203,0.5450458220424333
F2,44,qpmhi_mc_bnn,5,184.9743194580078,172.4484405517578,194.8979034423828,0.5579589572933998
F2,44,qpmhi_mc_bnn,6,187.1014709472656,172.4484405517578,195.26478576660156,0.6422163697792793
F2,44,qpmhi_mc_bnn,7,187.1078338623047,172.4484405517578,195.60513305664062,0.6330521212153161
F2,44,qpmhi_mc_bnn,8,187.1603546142578,172.4484405517578,197.1929931640625,0.5945516289182867
F2,44,qpmhi_mc_bnn,9,188.0186920166016,172.4484405517578,197.9689178466797,0.6101081607882775
F2,44,qpmhi_mc_bnn,10,188.1739959716797,172.4484405517578,198.08934020996094,0.6132996747206918
F2,42,random,0,170.15879821777344,170.15879821777344,170.15879821777344,0.0
F2,42,random,1,172.73887634277344,170.15879821777344,183.9816131591797,0.18665359667598344
F2,42,random,2,173.12869262695312,170.15879821777344,191.3467254638672,0.14016918100033704
F2,42,random,3,176.08413696289062,170.15879821777344,194.61181640625,0.2423152307599187
F2,42,random,4,178.40432739257812,170.15879821777344,194.97666931152344,0.33224159895331223
F2,42,random,5,180.19650268554688,170.15879821777344,195.2117919921875,0.4006588816552803
F2,42,random,6,180.60618591308597,170.15879821777344,195.44483947753906,0.4131681819224147
F2,42,random,7,181.9764404296875,170.15879821777344,195.55221557617188,0.4653821124239341
F2,42,random,8,182.8482208251953,170.15879821777344,197.26260375976562,0.4681786322500739
F2,42,random,9,182.99801635742188,170.15879821777344,197.39283752441406,0.4714400972652551
F2,42,random,10,186.6137542724609,170.15879821777344,198.6370849609375,0.5778070922274609
F2,43,random,0,180.01705932617188,180.01705932617188,180.01705932617188,0.0
F2,43,random,1,181.91033935546875,180.01705932617188,185.8894805908203,0.322401943589144
F2,43,random,2,183.15933227539065,180.01705932617188,190.2013702392578,0.3085405557661477
F2,43,random,3,183.31105041503903,180.01705932617188,190.69180297851562,0.3085780039452216
F2,43,random,4,183.39935302734372,180.01705932617188,191.50103759765625,0.2945228231204816
F2,43,random,5,183.8629150390625,180.01705932617188,193.18820190429688,0.2919910471000389
F2,43,random,6,183.93795776367188,180.01705932617188,194.88572692871094,0.26370207084530184
F2,43,random,7,184.0409240722656,180.01705932617188,197.031005859375,0.23650390215115893
F2,43,random,8,184.8308868408203,180.01705932617188,197.09591674804688,0.2818588735615753
F2,43,random,9,184.97036743164065,180.01705932617188,198.34080505371094,0.2703218096955127
F2,43,random,10,188.1273498535156,180.01705932617188,198.602294921875,0.4363835198956965
F2,44,random,0,172.4484405517578,172.4484405517578,172.4484405517578,0.0
F2,44,random,1,175.6213836669922,172.4484405517578,191.86358642578125,0.16342617953129188
F2,44,random,2,176.33547973632812,172.4484405517578,193.80816650390625,0.18197982470741111
F2,44,random,3,177.7822723388672,172.4484405517578,193.97239685058594,0.2478090790121041
F2,44,random,4,180.48301696777344,172.4484405517578,194.3865509033203,0.36623830800647683
F2,44,random,5,181.3443756103516,172.4484405517578,194.8979034423828,0.3962649396974554
F2,44,random,6,181.6102294921875,172.4484405517578,195.26478576660156,0.4015449825184646
F2,44,random,7,181.95167541503903,172.4484405517578,195.60513305664062,0.4103882651323099
F2,44,random,8,182.1950836181641,172.4484405517578,197.1929931640625,0.39389045415836615
F2,44,random,9,182.77427673339844,172.4484405517578,197.9689178466797,0.4046098379082935
F2,44,random,10,182.8569183349609,172.4484405517578,198.08934020996094,0.40593262802591173
JAK2,42,analytic_ehvi,0,173.16220092773438,173.16220092773438,173.16220092773438,0.0
JAK2,42,analytic_ehvi,1,196.16375732421875,173.16220092773438,201.4697265625,0.81255976567006
JAK2,42,analytic_ehvi,2,200.45068359375,173.16220092773438,202.075927734375,0.9437898769849438
JAK2,42,analytic_ehvi,3,201.97210693359372,173.16220092773438,202.88941955566406,0.9691423327035212
JAK2,42,analytic_ehvi,4,202.905029296875,173.16220092773438,203.72879028320312,0.9730502812483152
JAK2,42,analytic_ehvi,5,203.23013305664065,173.16220092773438,203.92938232421875,0.9772728850729889
JAK2,42,analytic_ehvi,6,206.32357788085935,173.16220092773438,206.72120666503906,0.9881513538484334
JAK2,42,analytic_ehvi,7,206.97412109375,173.16220092773438,207.31011962890625,0.9901604973908785
JAK2,42,analytic_ehvi,8,207.458984375,173.16220092773438,207.74351501464844,0.9917721276024005
JAK2,42,analytic_ehvi,9,208.5644073486328,173.16220092773438,208.77101135253906,0.9941979526571791
JAK2,42,analytic_ehvi,10,208.896484375,173.16220092773438,209.01612854003906,0.9966630109166059
JAK2,43,analytic_ehvi,0,172.6520538330078,172.6520538330078,172.6520538330078,0.0
JAK2,43,analytic_ehvi,1,194.53265380859372,172.6520538330078,201.39183044433594,0.7613350747813888
JAK2,43,analytic_ehvi,2,201.34727478027344,172.6520538330078,204.1443328857422,0.9111827346383846
JAK2,43,analytic_ehvi,3,202.08932495117188,172.6520538330078,204.32794189453125,0.9293274133621335
JAK2,43,analytic_ehvi,4,203.29583740234372,172.6520538330078,204.5674591064453,0.9601564920386603
JAK2,43,analytic_ehvi,5,205.2461853027344,172.6520538330078,206.26840209960938,0.9695916763841192
JAK2,43,analytic_ehvi,6,205.43734741210935,172.6520538330078,208.6012725830078,0.9119890422959896
JAK2,43,analytic_ehvi,7,205.5699005126953,172.6520538330078,208.71682739257812,0.9127423641053826
JAK2,43,analytic_ehvi,8,207.32720947265625,172.6520538330078,210.05575561523438,0.9270514410989483
JAK2,43,analytic_ehvi,9,207.54360961914065,172.6520538330078,210.13226318359375,0.9309327880151601
JAK2,43,analytic_ehvi,10,209.4634704589844,172.6520538330078,211.7212371826172,0.9422110592015904
JAK2,44,analytic_ehvi,0,173.52767944335938,173.52767944335938,173.52767944335938,0.0
JAK2,44,analytic_ehvi,1,200.80764770507807,173.52767944335938,204.48382568359375,0.8812456192063832
JAK2,44,analytic_ehvi,2,201.3961181640625,173.52767944335938,204.7156982421875,0.8935623291900243
JAK2,44,analytic_ehvi,3,201.6358337402344,173.52767944335938,204.89663696289062,0.8960499971787093
JAK2,44,analytic_ehvi,4,205.61135864257807,173.52767944335938,207.3558349609375,0.9484312315682435
JAK2,44,analytic_ehvi,5,205.84341430664065,173.52767944335938,207.48672485351562,0.951609047691797
JAK2,44,analytic_ehvi,6,206.0035400390625,173.52767944335938,207.58956909179688,0.953436844840253
JAK2,44,analytic_ehvi,7,208.4818572998047,173.52767944335938,208.88597106933594,0.9885708909863066
JAK2,44,analytic_ehvi,8,208.5629119873047,173.52767944335938,208.94808959960938,0.9891255462428145
JAK2,44,analytic_ehvi,9,208.8115234375,173.52767944335938,209.12966918945312,0.9910638210329794
JAK2,44,analytic_ehvi,10,208.9520568847656,173.52767944335938,209.2587127685547,0.9914176597973489
JAK2,42,analytic_pomhi,0,173.16220092773438,173.16220092773438,173.16220092773438,0.0
JAK2,42,analytic_pomhi,1,196.16375732421875,173.16220092773438,201.4697265625,0.81255976567006
JAK2,42,analytic_pomhi,2,200.1643218994141,173.16220092773438,202.075927734375,0.9338858720031252
JAK2,42,analytic_pomhi,3,201.8771209716797,173.16220092773438,202.88941955566406,0.9659470804633808
JAK2,42,analytic_pomhi,4,202.90313720703125,173.16220092773438,203.72879028320312,0.972988380660659
JAK2,42,analytic_pomhi,5,203.13446044921875,173.16220092773438,203.92938232421875,0.9741633182202764
JAK2,42,analytic_pomhi,6,206.2421722412109,173.16220092773438,206.72120666503906,0.9857256073800884
JAK2,42,analytic_pomhi,7,206.923583984375,173.16220092773438,207.31011962890625,0.9886805504044384
JAK2,42,analytic_pomhi,8,207.41819763183597,173.16220092773438,207.74351501464844,0.9905926830312219
JAK2,42,analytic_pomhi,9,208.53292846679688,173.16220092773438,208.77101135253906,0.993313933183897
JAK2,42,analytic_pomhi,10,208.867431640625,173.16220092773438,209.01612854003906,0.9958527026377152
JAK2,43,analytic_pomhi,0,172.6520538330078,172.6520538330078,172.6520538330078,0.0
JAK2,43,analytic_pomhi,1,198.04330444335935,172.6520538330078,201.39183044433594,0.8834880992200639
JAK2,43,analytic_pomhi,2,202.8551177978516,172.6520538330078,204.1443328857422,0.9590625027254527
JAK2,43,analytic_pomhi,3,203.3978729248047,172.6520538330078,204.32794189453125,0.9706379512416476
JAK2,43,analytic_pomhi,4,203.9089813232422,172.6520538330078,204.5674591064453,0.9793680268960532
JAK2,43,analytic_pomhi,5,205.61265563964844,172.6520538330078,206.26840209960938,0.980493227439209
JAK2,43,analytic_pomhi,6,205.7676696777344,172.6520538330078,208.6012725830078,0.9211776221069224
JAK2,43,analytic_pomhi,7,205.9117431640625,172.6520538330078,208.71682739257812,0.9222209388371092
JAK2,43,analytic_pomhi,8,207.41860961914065,172.6520538330078,210.05575561523438,0.9294950534188346
JAK2,43,analytic_pomhi,9,207.50384521484372,172.6520538330078,210.13226318359375,0.9298718439866736
JAK2,43,analytic_pomhi,10,209.36257934570312,172.6520538330078,211.7212371826172,0.939628688529072
JAK2,44,analytic_pomhi,0,173.52767944335938,173.52767944335938,173.52767944335938,0.0
JAK2,44,analytic_pomhi,1,197.1905670166016,173.52767944335938,204.48382568359375,0.7644003032421086
JAK2,44,analytic_pomhi,2,198.38748168945312,173.52767944335938,204.7156982421875,0.7970946281149428
JAK2,44,analytic_pomhi,3,198.92063903808597,173.52767944335938,204.89663696289062,0.8094932571130607
JAK2,44,analytic_pomhi,4,204.91714477539065,173.52767944335938,207.3558349609375,0.927909454469676
JAK2,44,analytic_pomhi,5,205.3925018310547,173.52767944335938,207.48672485351562,0.9383309219335532
JAK2,44,analytic_pomhi,6,205.64117431640625,173.52767944335938,207.58956909179688,0.9427983944666439
JAK2,44,analytic_pomhi,7,208.30569458007807,173.52767944335938,208.88597106933594,0.9835886729088585
JAK2,44,analytic_pomhi,8,208.44248962402344,173.52767944335938,208.94808959960938,0.9857257447512441
JAK2,44,analytic_pomhi,9,208.6973876953125,173.52767944335938,209.12966918945312,0.9878579400414536
JAK2,44,analytic_pomhi,10,208.8498077392578,173.52767944335938,209.2587127685547,0.988556025638124
JAK2,42,qpmhi_mc_bnn,0,180.6273193359375,180.6273193359375,180.6273193359375,0.0
JAK2,42,qpmhi_mc_bnn,1,190.70828247070312,180.6273193359375,196.73521423339844,0.6258398877655125
JAK2,42,qpmhi_mc_bnn,2,193.61607360839844,180.6273193359375,199.25558471679688,0.697260534295745
JAK2,42,qpmhi_mc_bnn,3,193.8960418701172,180.6273193359375,200.47206115722656,0.6686266142271124
JAK2,42,qpmhi_mc_bnn,4,194.0528106689453,180.6273193359375,206.4581298828125,0.5197471952591136
JAK2,42,qpmhi_mc_bnn,5,194.52349853515625,180.6273193359375,206.59552001953125,0.5351229131557855
JAK2,42,qpmhi_mc_bnn,6,194.65342712402344,180.6273193359375,206.62672424316406,0.5394780318293887
JAK2,42,qpmhi_mc_bnn,7,194.73928833007807,180.6273193359375,206.77191162109375,0.5397662675410212
JAK2,42,qpmhi_mc_bnn,8,194.85423278808597,180.6273193359375,206.90684509277344,0.5413687287887112
JAK2,42,qpmhi_mc_bnn,9,196.3199462890625,180.6273193359375,207.62054443359375,0.5813542804297049
JAK2,42,qpmhi_mc_bnn,10,196.35092163085935,180.6273193359375,207.86488342285156,0.5772763762849135
JAK2,43,qpmhi_mc_bnn,0,190.1666717529297,190.1666717529297,190.1666717529297,0.0
JAK2,43,qpmhi_mc_bnn,1,196.0908050537109,190.1666717529297,199.384521484375,0.6426806113547208
JAK2,43,qpmhi_mc_bnn,2,196.9262542724609,190.1666717529297,203.5136260986328,0.5064513104974678
JAK2,43,qpmhi_mc_bnn,3,197.39796447753903,190.1666717529297,203.88636779785156,0.5270738288175045
JAK2,43,qpmhi_mc_bnn,4,197.4079742431641,190.1666717529297,204.66879272460938,0.4993271332086875
JAK2,43,qpmhi_mc_bnn,5,197.4692230224609,190.1666717529297,205.00790405273438,0.49204480611945706
JAK2,43,qpmhi_mc_bnn,6,197.63433837890625,190.1666717529297,205.92544555664062,0.4738735842644081
JAK2,43,qpmhi_mc_bnn,7,198.1265563964844,190.1666717529297,205.94100952148438,0.5046097503644386
JAK2,43,qpmhi_mc_bnn,8,199.99758911132807,190.1666717529297,207.78475952148438,0.5580013840063227
JAK2,43,qpmhi_mc_bnn,9,200.56105041503903,190.1666717529297,207.84243774414062,0.5880581733927586
JAK2,43,qpmhi_mc_bnn,10,200.56967163085935,190.1666717529297,208.4510498046875,0.5689556324246721
JAK2,44,qpmhi_mc_bnn,0,184.96168518066406,184.96168518066406,184.96168518066406,0.0
JAK2,44,qpmhi_mc_bnn,1,194.2821502685547,184.96168518066406,199.94761657714844,0.6219476682028026
JAK2,44,qpmhi_mc_bnn,2,194.66427612304688,184.96168518066406,200.8656463623047,0.6100738571710919
JAK2,44,qpmhi_mc_bnn,3,194.9738006591797,184.96168518066406,202.07644653320312,0.5849988365178271
JAK2,44,qpmhi_mc_bnn,4,195.08221435546875,184.96168518066406,202.319091796875,0.583066894645
JAK2,44,qpmhi_mc_bnn,5,195.19044494628903,184.96168518066406,206.23057556152344,0.48092587730059455
JAK2,44,qpmhi_mc_bnn,6,195.34796142578125,184.96168518066406,207.23638916015625,0.4662812244184971
JAK2,44,qpmhi_mc_bnn,7,195.34796142578125,184.96168518066406,207.2463836669922,0.46607210106474034
JAK2,44,qpmhi_mc_bnn,8,195.6925048828125,184.96168518066406,207.4539337158203,0.477089682046495
JAK2,44,qpmhi_mc_bnn,9,195.7862091064453,184.96168518066406,207.480712890625,0.48068344980068534
JAK2,44,qpmhi_mc_bnn,10,195.90196228027344,184.96168518066406,207.49453735351562,0.48552562346237893
JAK2,42,random,0,180.6273193359375,180.6273193359375,180.6273193359375,0.0
JAK2,42,random,1,186.2453155517578,180.6273193359375,196.73521423339844,0.34877283788993857
JAK2,42,random,2,188.57797241210935,180.6273193359375,199.25558471679688,0.42680587341971077
JAK2,42,random,3,189.3409423828125,180.6273193359375,200.47206115722656,0.4390897662133951
JAK2,42,random,4,190.02447509765625,180.6273193359375,206.4581298828125,0.363796395187282
JAK2,42,random,5,192.14773559570312,180.6273193359375,206.59552001953125,0.4436355217727511
JAK2,42,random,6,192.15760803222656,180.6273193359375,206.62672424316406,0.44348279268054347
JAK2,42,random,7,192.1887969970703,180.6273193359375,206.77191162109375,0.4422129645409277
JAK2,42,random,8,192.3614044189453,180.6273193359375,206.90684509277344,0.44651053415435
JAK2,42,random,9,192.75762939453125,180.6273193359375,207.62054443359375,0.4493835032571559
JAK2,42,random,10,193.4663543701172,180.6273193359375,207.86488342285156,0.471372366236966
JAK2,43,random,0,190.1666717529297,190.1666717529297,190.1666717529297,0.0
JAK2,43,random,1,191.95083618164065,190.1666717529297,199.384521484375,0.19355538229534774
JAK2,43,random,2,193.1748962402344,190.1666717529297,203.5136260986328,0.2253865870361034
JAK2,43,random,3,193.7280731201172,190.1666717529297,203.88636779785156,0.2595831099702603
JAK2,43,random,4,194.0580139160156,190.1666717529297,204.66879272460938,0.26832917548302593
JAK2,43,random,5,195.3899383544922,190.1666717529297,205.00790405273438,0.35194291794969335
JAK2,43,random,6,195.4073181152344,190.1666717529297,205.92544555664062,0.33255419663874025
JAK2,43,random,7,195.50503540039065,190.1666717529297,205.94100952148438,0.3384207772007211
JAK2,43,random,8,195.5727386474609,190.1666717529297,207.78475952148438,0.30684754018424965
JAK2,43,random,9,195.81002807617188,190.1666717529297,207.84243774414062,0.3192708211937338
JAK2,43,random,10,196.4656219482422,190.1666717529297,208.4510498046875,0.3444990131729931
JAK2,44,random,0,184.96168518066406,184.96168518066406,184.96168518066406,0.0
JAK2,44,random,1,187.41921997070312,184.96168518066406,199.94761657714844,0.1639894595150481
JAK2,44,random,2,189.1875915527344,184.96168518066406,200.8656463623047,0.26571407738021174
JAK2,44,random,3,192.3187561035156,184.96168518066406,202.07644653320312,0.4298669885782588
JAK2,44,random,4,192.38546752929688,184.96168518066406,202.319091796875,0.4277011256796494
JAK2,44,random,5,193.2587738037109,184.96168518066406,206.23057556152344,0.3901044424260933
JAK2,44,random,6,193.44699096679688,184.96168518066406,207.23638916015625,0.38093910446329793
JAK2,44,random,7,193.47003173828125,184.96168518066406,207.2463836669922,0.38180218425827656
JAK2,44,random,8,194.19970703125,184.96168518066406,207.4539337158203,0.41072024596147216
JAK2,44,random,9,194.2722930908203,184.96168518066406,207.480712890625,0.4134551469128416
JAK2,44,random,10,194.43865966796875,184.96168518066406,207.49453735351562,0.4205847717193524
KIT,42,analytic_ehvi,0,169.91256713867188,169.91256713867188,169.91256713867188,0.0
KIT,42,analytic_ehvi,1,192.04771423339844,169.91256713867188,194.794921875,0.8895921358443358
KIT,42,analytic_ehvi,2,194.68655395507807,169.91256713867188,197.64321899414062,0.8933791728202929
KIT,42,analytic_ehvi,3,195.09722900390625,169.91256713867188,197.83729553222656,0.901876699042389
KIT,42,analytic_ehvi,4,198.4079132080078,169.91256713867188,200.8884735107422,0.9199196861929118
KIT,42,analytic_ehvi,5,200.2633514404297,169.91256713867188,202.85110473632812,0.921436909934867
KIT,42,analytic_ehvi,6,200.45477294921875,169.91256713867188,203.0100555419922,0.9227952719059765
KIT,42,analytic_ehvi,7,203.2008209228516,169.91256713867188,204.9955596923828,0.9488430536025816
KIT,42,analytic_ehvi,8,203.3778839111328,169.91256713867188,205.16607666015625,0.9492761777963221
KIT,42,analytic_ehvi,9,203.8303680419922,169.91256713867188,205.23948669433594,0.9601120428821023
KIT,42,analytic_ehvi,10,207.01608276367188,169.91256713867188,207.1690673828125,0.9958937469129381
KIT,43,analytic_ehvi,0,163.43545532226562,163.43545532226562,163.43545532226562,0.0
KIT,43,analytic_ehvi,1,189.416748046875,163.43545532226562,196.5863494873047,0.7837282637163148
KIT,43,analytic_ehvi,2,196.4302520751953,163.43545532226562,200.00477600097656,0.9022534775205113
KIT,43,analytic_ehvi,3,197.22998046875,163.43545532226562,200.35252380371094,0.9154173539935777
KIT,43,analytic_ehvi,4,198.5771942138672,163.43545532226562,200.79763793945312,0.9405697534232254
KIT,43,analytic_ehvi,5,198.86468505859372,163.43545532226562,201.1230010986328,0.940077922467023
KIT,43,analytic_ehvi,6,199.1502990722656,163.43545532226562,201.26560974121094,0.9440840064907059
KIT,43,analytic_ehvi,7,199.27804565429688,163.43545532226562,201.3418426513672,0.9455554289794879
KIT,43,analytic_ehvi,8,200.40347290039065,163.43545532226562,201.4743194580078,0.9718486189862077
KIT,43,analytic_ehvi,9,200.89132690429688,163.43545532226562,201.6778564453125,0.979433050281416
KIT,43,analytic_ehvi,10,201.23838806152344,163.43545532226562,201.9605255126953,0.9812553890855398
KIT,44,analytic_ehvi,0,165.4602813720703,165.4602813720703,165.4602813720703,0.0
KIT,44,analytic_ehvi,1,187.98419189453125,165.4602813720703,193.6705780029297,0.7984287020159131
KIT,44,analytic_ehvi,2,200.8717803955078,165.4602813720703,202.33042907714844,0.960438219740581
KIT,44,analytic_ehvi,3,201.26004028320312,165.4602813720703,202.77723693847656,0.9593429680357082
KIT,44,analytic_ehvi,4,202.78306579589844,165.4602813720703,203.75039672851562,0.9747367976405337
KIT,44,analytic_ehvi,5,203.27853393554688,165.4602813720703,204.15444946289062,0.9773631125680785
KIT,44,analytic_ehvi,6,203.49473571777344,165.4602813720703,204.38771057128906,0.9770605233408646
KIT,44,analytic_ehvi,7,204.42526245117188,165.4602813720703,204.8268280029297,0.9897993198254523
KIT,44,analytic_ehvi,8,204.6100311279297,165.4602813720703,204.9979248046875,0.9901892565393057
KIT,44,analytic_ehvi,9,204.6688537597656,165.4602813720703,205.0497283935547,0.9903793899020009
KIT,44,analytic_ehvi,10,208.68722534179688,165.4602813720703,208.93673706054688,0.9942609921899376
KIT,42,analytic_pomhi,0,169.91256713867188,169.91256713867188,169.91256713867188,0.0
KIT,42,analytic_pomhi,1,192.28358459472656,169.91256713867188,194.794921875,0.8990715586653503
KIT,42,analytic_pomhi,2,197.1221466064453,169.91256713867188,197.64321899414062,0.9812095153618774
KIT,42,analytic_pomhi,3,197.3267974853516,169.91256713867188,197.83729553222656,0.9817187820171315
KIT,42,analytic_pomhi,4,200.1716461181641,169.91256713867188,200.8884735107422,0.9768585498687964
KIT,42,analytic_pomhi,5,200.97503662109372,169.91256713867188,202.85110473632812,0.9430433694977431
KIT,42,analytic_pomhi,6,201.07736206054688,169.91256713867188,203.0100555419922,0.9416060379599249
KIT,42,analytic_pomhi,7,203.4072113037109,169.91256713867188,204.9955596923828,0.9547259719580594
KIT,42,analytic_pomhi,8,203.5825653076172,169.91256713867188,205.16607666015625,0.9550821641864045
KIT,42,analytic_pomhi,9,203.8863677978516,169.91256713867188,205.23948669433594,0.9616972293790785
KIT,42,analytic_pomhi,10,207.07481384277344,169.91256713867188,207.1690673828125,0.9974701450908856
KIT,43,analytic_pomhi,0,163.43545532226562,163.43545532226562,163.43545532226562,0.0
KIT,43,analytic_pomhi,1,189.416748046875,163.43545532226562,196.5863494873047,0.7837282637163148
KIT,43,analytic_pomhi,2,195.9462738037109,163.43545532226562,200.00477600097656,0.8890189338510645
KIT,43,analytic_pomhi,3,196.83270263671875,163.43545532226562,200.35252380371094,0.9046559948615296
KIT,43,analytic_pomhi,4,198.2826232910156,163.43545532226562,200.79763793945312,0.9326855533519993
KIT,43,analytic_pomhi,5,198.640869140625,163.43545532226562,201.1230010986328,0.9341391988553341
KIT,43,analytic_pomhi,6,198.9434509277344,163.43545532226562,201.26560974121094,0.93861619522458
KIT,43,analytic_pomhi,7,199.0418701171875,163.43545532226562,201.3418426513672,0.9393249344968849
KIT,43,analytic_pomhi,8,200.2174530029297,163.43545532226562,201.4743194580078,0.9669583599922179
KIT,43,analytic_pomhi,9,200.70753479003903,163.43545532226562,201.6778564453125,0.9746270729143967
KIT,43,analytic_pomhi,10,201.0122833251953,163.43545532226562,201.9605255126953,0.9753863605487847
KIT,44,analytic_pomhi,0,165.4602813720703,165.4602813720703,165.4602813720703,0.0
KIT,44,analytic_pomhi,1,188.0042266845703,165.4602813720703,193.6705780029297,0.7991388962510615
KIT,44,analytic_pomhi,2,199.73910522460935,165.4602813720703,202.33042907714844,0.9297175624771856
KIT,44,analytic_pomhi,3,200.77719116210935,165.4602813720703,202.77723693847656,0.9464038331635041
KIT,44,analytic_pomhi,4,201.9774627685547,165.4602813720703,203.75039672851562,0.9536973460785747
KIT,44,analytic_pomhi,5,202.5587615966797,165.4602813720703,204.15444946289062,0.9587615409519685
KIT,44,analytic_pomhi,6,202.78387451171875,165.4602813720703,204.38771057128906,0.958799332692576
KIT,44,analytic_pomhi,7,203.71353149414065,165.4602813720703,204.8268280029297,0.9717197314961754
KIT,44,analytic_pomhi,8,203.90126037597656,165.4602813720703,204.9979248046875,0.9722627771030423
KIT,44,analytic_pomhi,9,203.97781372070312,165.4602813720703,205.0497283935547,0.9729242322513407
KIT,44,analytic_pomhi,10,207.9987945556641,165.4602813720703,208.93673706054688,0.9784264266709445
KIT,42,qpmhi_mc_bnn,0,172.8856964111328,172.8856964111328,172.8856964111328,0.0
KIT,42,qpmhi_mc_bnn,1,187.4644927978516,172.8856964111328,190.19322204589844,0.8423385696124206
KIT,42,qpmhi_mc_bnn,2,188.8621063232422,172.8856964111328,194.26321411132812,0.7473463540607154
KIT,42,qpmhi_mc_bnn,3,188.9095458984375,172.8856964111328,195.82688903808594,0.6984749985699786
KIT,42,qpmhi_mc_bnn,4,188.9711761474609,172.8856964111328,196.17100524902344,0.6907995014501707
KIT,42,qpmhi_mc_bnn,5,189.32437133789065,172.8856964111328,197.35462951660156,0.6718182135650138
KIT,42,qpmhi_mc_bnn,6,189.32437133789065,172.8856964111328,197.56961059570312,0.6659671073169386
KIT,42,qpmhi_mc_bnn,7,189.33236694335935,172.8856964111328,197.78659057617188,0.660485138534411
KIT,42,qpmhi_mc_bnn,8,189.56967163085935,172.8856964111328,197.81642150878906,0.6692133964966387
KIT,42,qpmhi_mc_bnn,9,189.6133575439453,172.8856964111328,197.86221313476562,0.6697355487118332
KIT,42,qpmhi_mc_bnn,10,189.6226043701172,172.8856964111328,197.89706420898438,0.669172037861202
KIT,43,qpmhi_mc_bnn,0,174.3249969482422,174.3249969482422,174.3249969482422,0.0
KIT,43,qpmhi_mc_bnn,1,186.01882934570312,174.3249969482422,189.93910217285156,0.748927474821311
KIT,43,qpmhi_mc_bnn,2,186.0854949951172,174.3249969482422,191.91448974609375,0.6686092761191764
KIT,43,qpmhi_mc_bnn,3,186.14505004882807,174.3249969482422,194.3401336669922,0.5905557012514914
KIT,43,qpmhi_mc_bnn,4,186.48403930664065,174.3249969482422,194.56472778320312,0.6007511887161879
KIT,43,qpmhi_mc_bnn,5,186.84228515625,174.3249969482422,194.73829650878906,0.6131927947699443
KIT,43,qpmhi_mc_bnn,6,186.8446044921875,174.3249969482422,195.95803833007812,0.578726186621976
KIT,43,qpmhi_mc_bnn,7,187.7385711669922,174.3249969482422,196.3869171142578,0.6079966801535429
KIT,43,qpmhi_mc_bnn,8,187.8278350830078,174.3249969482422,196.74545288085938,0.6022552875529061
KIT,43,qpmhi_mc_bnn,9,187.85406494140625,174.3249969482422,197.00311279296875,0.5965693131561471
KIT,43,qpmhi_mc_bnn,10,187.92800903320312,174.3249969482422,197.74871826171875,0.580736591889633
KIT,44,qpmhi_mc_bnn,0,173.2569580078125,173.2569580078125,173.2569580078125,0.0
KIT,44,qpmhi_mc_bnn,1,183.09361267089844,173.2569580078125,191.09519958496094,0.5514363408827875
KIT,44,qpmhi_mc_bnn,2,183.22122192382807,173.2569580078125,191.85946655273438,0.5356408729475154
KIT,44,qpmhi_mc_bnn,3,183.8314514160156,173.2569580078125,194.7064971923828,0.4929939667799409
KIT,44,qpmhi_mc_bnn,4,184.21945190429688,173.2569580078125,194.88307189941406,0.5069100232909449
KIT,44,qpmhi_mc_bnn,5,184.9168701171875,173.2569580078125,195.52127075195312,0.5237041108508314
KIT,44,qpmhi_mc_bnn,6,185.54019165039065,173.2569580078125,195.8488006591797,0.543702159763175
KIT,44,qpmhi_mc_bnn,7,186.0908203125,173.2569580078125,197.57791137695312,0.5276874680813954
KIT,44,qpmhi_mc_bnn,8,186.09420776367188,173.2569580078125,197.61717224121094,0.5269760615758131
KIT,44,qpmhi_mc_bnn,9,186.1449737548828,173.2569580078125,197.71548461914062,0.5269334474588157
KIT,44,qpmhi_mc_bnn,10,186.2688446044922,173.2569580078125,197.7466278076172,0.5313214389188482
KIT,42,random,0,172.8856964111328,172.8856964111328,172.8856964111328,0.0
KIT,42,random,1,180.6873016357422,172.8856964111328,190.19322204589844,0.45076375382846706
KIT,42,random,2,184.0208740234375,172.8856964111328,194.26321411132812,0.5208826285852147
KIT,42,random,3,184.02398681640625,172.8856964111328,195.82688903808594,0.48551488086924016
KIT,42,random,4,184.3820037841797,172.8856964111328,196.17100524902344,0.4937150481053403
KIT,42,random,5,185.5406494140625,172.8856964111328,197.35462951660156,0.5171845028298898
KIT,42,random,6,185.55210876464844,172.8856964111328,197.56961059570312,0.5131444007949632
KIT,42,random,7,186.55833435058597,172.8856964111328,197.78659057617188,0.5490822076039977
KIT,42,random,8,187.2784576416016,172.8856964111328,197.81642150878906,0.577310173454275
KIT,42,random,9,187.31280517578125,172.8856964111328,197.86221313476562,0.5776269335026004
KIT,42,random,10,187.31280517578125,172.8856964111328,197.89706420898438,0.5768220627217239
KIT,43,random,0,174.3249969482422,174.3249969482422,174.3249969482422,0.0
KIT,43,random,1,180.1267547607422,174.3249969482422,189.93910217285156,0.3715715840928147
KIT,43,random,2,182.76731872558597,174.3249969482422,191.91448974609375,0.4799639122269035
KIT,43,random,3,184.7383728027344,174.3249969482422,194.3401336669922,0.5202750298846103
KIT,43,random,4,186.2092437744141,174.3249969482422,194.56472778320312,0.5871741538006892
KIT,43,random,5,186.75650024414065,174.3249969482422,194.73829650878906,0.6089903917309399
KIT,43,random,6,186.76040649414065,174.3249969482422,195.95803833007812,0.5748340848799831
KIT,43,random,7,186.7783660888672,174.3249969482422,196.3869171142578,0.5644734931009441
KIT,43,random,8,186.831787109375,174.3249969482422,196.74545288085938,0.5578294303523946
KIT,43,random,9,187.0738983154297,174.3249969482422,197.00311279296875,0.562167573994118
KIT,43,random,10,187.3133850097656,174.3249969482422,197.74871826171875,0.554497207668309
KIT,44,random,0,173.2569580078125,173.2569580078125,173.2569580078125,0.0
KIT,44,random,1,187.10528564453125,173.2569580078125,191.09519958496094,0.7763280689313603
KIT,44,random,2,187.29656982421875,173.2569580078125,191.85946655273438,0.7547160525422144
KIT,44,random,3,187.51007080078125,173.2569580078125,194.7064971923828,0.664495058393688
KIT,44,random,4,189.1044158935547,173.2569580078125,194.88307189941406,0.7327926767229549
KIT,44,random,5,189.70567321777344,173.2569580078125,195.52127075195312,0.7387928564868818
KIT,44,random,6,189.7068023681641,173.2569580078125,195.8488006591797,0.7281320348323203
KIT,44,random,7,189.74658203125,173.2569580078125,197.57791137695312,0.6780007252659831
KIT,44,random,8,189.8105010986328,173.2569580078125,197.61717224121094,0.6795319175857251
KIT,44,random,9,189.81326293945312,173.2569580078125,197.71548461914062,0.6769134214312184
KIT,44,random,10,189.81326293945312,173.2569580078125,197.7466278076172,0.6760525996055964
PARP1,42,analytic_ehvi,0,178.72640991210938,178.72640991210938,178.72640991210938,0.0
PARP1,42,analytic_ehvi,1,208.57192993164065,178.72640991210938,215.4471893310547,0.8127692410617273
PARP1,42,analytic_ehvi,2,217.98524475097656,178.72640991210938,218.7353973388672,0.9812503980695866
PARP1,42,analytic_ehvi,3,219.69993591308597,178.72640991210938,219.93775939941406,0.9942291749897353
PARP1,42,analytic_ehvi,4,220.45225524902344,178.72640991210938,220.59500122070312,0.9965906191916615
PARP1,42,analytic_ehvi,5,220.69757080078125,178.72640991210938,220.84017944335938,0.9966137288548274
PARP1,42,analytic_ehvi,6,221.05316162109372,178.72640991210938,221.1862030029297,0.9968666502554218
PARP1,42,analytic_ehvi,7,222.669921875,178.72640991210938,223.58139038085938,0.979679658839794
PARP1,42,analytic_ehvi,8,223.0224609375,178.72640991210938,223.7423095703125,0.9840090137422962
PARP1,42,analytic_ehvi,9,223.10818481445312,178.72640991210938,223.8248291015625,0.9841093257814906
PARP1,42,analytic_ehvi,10,223.23587036132807,178.72640991210938,223.91311645507812,0.9850122714053955
PARP1,43,analytic_ehvi,0,180.8199462890625,180.8199462890625,180.8199462890625,0.0
PARP1,43,analytic_ehvi,1,199.4492034912109,180.8199462890625,216.8544464111328,0.5169839220480379
PARP1,43,analytic_ehvi,2,213.11138916015625,180.8199462890625,221.15890502929688,0.8005026376371492
PARP1,43,analytic_ehvi,3,217.952880859375,180.8199462890625,223.4732666015625,0.8705754745060329
PARP1,43,analytic_ehvi,4,218.7833404541016,180.8199462890625,223.982177734375,0.8795512394473755
PARP1,43,analytic_ehvi,5,219.3838653564453,180.8199462890625,224.173828125,0.8895147893173403
PARP1,43,analytic_ehvi,6,219.7877349853516,180.8199462890625,224.45953369140625,0.8929458552625145
PARP1,43,analytic_ehvi,7,220.4250640869141,180.8199462890625,224.50975036621094,0.9065071046763218
PARP1,43,analytic_ehvi,8,220.89581298828125,180.8199462890625,224.80841064453125,0.9110540066906524
PARP1,43,analytic_ehvi,9,221.854736328125,180.8199462890625,225.33270263671875,0.9218658516352048
PARP1,43,analytic_ehvi,10,222.9326019287109,180.8199462890625,225.93359375,0.9334792908534484
PARP1,44,analytic_ehvi,0,186.45716857910156,186.45716857910156,186.45716857910156,0.0
PARP1,44,analytic_ehvi,1,207.6085205078125,186.45716857910156,219.29940795898438,0.6440289191018743
PARP1,44,analytic_ehvi,2,216.9879150390625,186.45716857910156,221.01708984375,0.8834148152759547
PARP1,44,analytic_ehvi,3,220.81948852539065,186.45716857910156,222.85227966308594,0.9441465879028513
PARP1,44,analytic_ehvi,4,221.03369140625,186.45716857910156,222.96636962890625,0.947063256190686
PARP1,44,analytic_ehvi,5,222.61788940429688,186.45716857910156,223.50433349609375,0.9760725525480008
PARP1,44,analytic_ehvi,6,223.02993774414065,186.45716857910156,223.88291931152344,0.9772086985380404
PARP1,44,analytic_ehvi,7,223.0840759277344,186.45716857910156,223.9746551513672,0.9762622898013873
PARP1,44,analytic_ehvi,8,223.15220642089844,186.45716857910156,224.02186584472656,0.9768490234946219
PARP1,44,analytic_ehvi,9,226.8240966796875,186.45716857910156,227.57838439941406,0.9816569694091105
PARP1,44,analytic_ehvi,10,227.8434600830078,186.45716857910156,228.44483947753906,0.9856772385401918
PARP1,42,analytic_pomhi,0,178.72640991210938,178.72640991210938,178.72640991210938,0.0
PARP1,42,analytic_pomhi,1,210.2499084472656,178.72640991210938,215.4471893310547,0.8584648537958957
PARP1,42,analytic_pomhi,2,217.46827697753903,178.72640991210938,218.7353973388672,0.9683291069625843
PARP1,42,analytic_pomhi,3,219.1915435791016,178.72640991210938,219.93775939941406,0.9818929535286791
PARP1,42,analytic_pomhi,4,220.0316467285156,178.72640991210938,220.59500122070312,0.986544699150843
PARP1,42,analytic_pomhi,5,220.2886962890625,178.72640991210938,220.84017944335938,0.986904920636761
PARP1,42,analytic_pomhi,6,220.64671325683597,178.72640991210938,221.1862030029297,0.9872941032722471
PARP1,42,analytic_pomhi,7,222.29025268554688,178.72640991210938,223.58139038085938,0.9712152879831923
PARP1,42,analytic_pomhi,8,222.75228881835935,178.72640991210938,223.7423095703125,0.9780073094291087
PARP1,42,analytic_pomhi,9,222.837158203125,178.72640991210938,223.8248291015625,0.9780996559039373
PARP1,42,analytic_pomhi,10,222.99583435058597,178.72640991210938,223.91311645507812,0.9797001778914801
PARP1,43,analytic_pomhi,0,180.8199462890625,180.8199462890625,180.8199462890625,0.0
PARP1,43,analytic_pomhi,1,204.09800720214844,180.8199462890625,216.8544464111328,0.6459937236323324
PARP1,43,analytic_pomhi,2,213.06787109375,180.8199462890625,221.15890502929688,0.7994238277777652
PARP1,43,analytic_pomhi,3,217.61648559570312,180.8199462890625,223.4732666015625,0.8626887435034457
PARP1,43,analytic_pomhi,4,218.5147705078125,180.8199462890625,223.982177734375,0.8733289025269737
PARP1,43,analytic_pomhi,5,219.32247924804688,180.8199462890625,224.173828125,0.8880988582449916
PARP1,43,analytic_pomhi,6,219.6896514892578,180.8199462890625,224.45953369140625,0.8906982745237353
PARP1,43,analytic_pomhi,7,220.36297607421875,180.8199462890625,224.50975036621094,0.9050859947856548
PARP1,43,analytic_pomhi,8,220.83013916015625,180.8199462890625,224.80841064453125,0.9095610282680756
PARP1,43,analytic_pomhi,9,221.37066650390625,180.8199462890625,225.33270263671875,0.9109909954380726
PARP1,43,analytic_pomhi,10,222.0297698974609,180.8199462890625,225.93359375,0.913466898106182
PARP1,44,analytic_pomhi,0,186.45716857910156,186.45716857910156,186.45716857910156,0.0
PARP1,44,analytic_pomhi,1,210.2965087890625,186.45716857910156,219.29940795898438,0.7258743818962445
PARP1,44,analytic_pomhi,2,216.94363403320312,186.45716857910156,221.01708984375,0.8821335332521826
PARP1,44,analytic_pomhi,3,219.87725830078125,186.45716857910156,222.85227966308594,0.9182576650078191
PARP1,44,analytic_pomhi,4,220.33209228515625,186.45716857910156,222.96636962890625,0.9278462067642509
PARP1,44,analytic_pomhi,5,222.1573028564453,186.45716857910156,223.50433349609375,0.9636401154402343
PARP1,44,analytic_pomhi,6,222.72866821289065,186.45716857910156,223.88291931152344,0.9691589059392506
PARP1,44,analytic_pomhi,7,222.8038787841797,186.45716857910156,223.9746551513672,0.9687938485715889
PARP1,44,analytic_pomhi,8,222.88961791992188,186.45716857910156,224.02186584472656,0.9698587235563644
PARP1,44,analytic_pomhi,9,226.5736541748047,186.45716857910156,227.57838439941406,0.9755666216436851
PARP1,44,analytic_pomhi,10,227.5963592529297,186.45716857910156,228.44483947753906,0.9797921578774461
PARP1,42,qpmhi_mc_bnn,0,196.12217712402344,196.12217712402344,196.12217712402344,0.0
PARP1,42,qpmhi_mc_bnn,1,207.24371337890625,196.12217712402344,210.53770446777344,0.771497010805135
PARP1,42,qpmhi_mc_bnn,2,208.123291015625,196.12217712402344,214.09768676757812,0.6676369198747414
PARP1,42,qpmhi_mc_bnn,3,215.6546173095703,196.12217712402344,221.97019958496094,0.7556647791940382
PARP1,42,qpmhi_mc_bnn,4,215.7427520751953,196.12217712402344,223.06886291503906,0.7281257184404336
PARP1,42,qpmhi_mc_bnn,5,220.1297149658203,196.12217712402344,225.27276611328125,0.8235695632305685
PARP1,42,qpmhi_mc_bnn,6,220.2108459472656,196.12217712402344,225.4349365234375,0.821781003112374
PARP1,42,qpmhi_mc_bnn,7,221.09754943847656,196.12217712402344,225.55429077148438,0.8485755597987
PARP1,42,qpmhi_mc_bnn,8,221.3672332763672,196.12217712402344,225.75181579589844,0.8520203851256148
PARP1,42,qpmhi_mc_bnn,9,221.6935272216797,196.12217712402344,225.96546936035156,0.8568541934032446
PARP1,42,qpmhi_mc_bnn,10,222.0736389160156,196.12217712402344,226.33787536621094,0.858873476428833
PARP1,43,qpmhi_mc_bnn,0,197.93902587890625,197.93902587890625,197.93902587890625,0.0
PARP1,43,qpmhi_mc_bnn,1,213.05235290527344,197.93902587890625,220.19912719726562,0.6789424185550418
PARP1,43,qpmhi_mc_bnn,2,214.36654663085935,197.93902587890625,221.2490234375,0.7047414188122352
PARP1,43,qpmhi_mc_bnn,3,214.4879608154297,197.93902587890625,221.56236267089844,0.7005333362615046
PARP1,43,qpmhi_mc_bnn,4,214.57107543945312,197.93902587890625,222.47796630859375,0.6777818956039856
PARP1,43,qpmhi_mc_bnn,5,214.7582244873047,197.93902587890625,222.49549865722656,0.6849191559484582
PARP1,43,qpmhi_mc_bnn,6,215.90252685546875,197.93902587890625,223.19342041015625,0.7113019856537963
PARP1,43,qpmhi_mc_bnn,7,216.3999786376953,197.93902587890625,223.451904296875,0.7235934909558065
PARP1,43,qpmhi_mc_bnn,8,216.41632080078125,197.93902587890625,223.56739807128906,0.7209702896138978
PARP1,43,qpmhi_mc_bnn,9,216.4268341064453,197.93902587890625,223.68328857421875,0.7181331408222972
PARP1,43,qpmhi_mc_bnn,10,216.4374237060547,197.93902587890625,223.77389526367188,0.7160244378110393
PARP1,44,qpmhi_mc_bnn,0,191.90249633789062,191.90249633789062,191.90249633789062,0.0
PARP1,44,qpmhi_mc_bnn,1,211.59295654296875,191.90249633789062,220.5286865234375,0.6878477393411462
PARP1,44,qpmhi_mc_bnn,2,212.28208923339844,191.90249633789062,221.36737060546875,0.6916572156539842
PARP1,44,qpmhi_mc_bnn,3,213.12811279296875,191.90249633789062,222.35189819335938,0.6970782728615728
PARP1,44,qpmhi_mc_bnn,4,215.02508544921875,191.90249633789062,222.42971801757812,0.7574416484390932
PARP1,44,qpmhi_mc_bnn,5,215.777587890625,191.90249633789062,222.58724975585938,0.7780766958600784
PARP1,44,qpmhi_mc_bnn,6,216.15280151367188,191.90249633789062,223.18389892578125,0.7752307495690366
PARP1,44,qpmhi_mc_bnn,7,216.2879638671875,191.90249633789062,223.92514038085938,0.7615069978786221
PARP1,44,qpmhi_mc_bnn,8,216.3070526123047,191.90249633789062,224.17483520507812,0.7562066193853428
PARP1,44,qpmhi_mc_bnn,9,216.4015350341797,191.90249633789062,224.292724609375,0.7563712886166184
PARP1,44,qpmhi_mc_bnn,10,216.4492950439453,191.90249633789062,224.54376220703125,0.7520173636789458
PARP1,42,random,0,196.12217712402344,196.12217712402344,196.12217712402344,0.0
PARP1,42,random,1,198.4044342041016,196.12217712402344,210.53770446777344,0.1583193611760342
PARP1,42,random,2,201.35269165039065,196.12217712402344,214.09768676757812,0.29098004062670196
PARP1,42,random,3,201.6442108154297,196.12217712402344,221.97019958496094,0.21363466778750112
PARP1,42,random,4,201.6599273681641,196.12217712402344,223.06886291503906,0.20550765638077137
PARP1,42,random,5,205.83274841308597,196.12217712402344,225.27276611328125,0.33311749867698864
PARP1,42,random,6,206.400146484375,196.12217712402344,225.4349365234375,0.35063124628782
PARP1,42,random,7,206.8402557373047,196.12217712402344,225.55429077148438,0.3641627217692496
PARP1,42,random,8,207.33270263671875,196.12217712402344,225.75181579589844,0.3783551205886473
PARP1,42,random,9,208.01712036132807,196.12217712402344,225.96546936035156,0.3985801279265349
PARP1,42,random,10,208.6138610839844,196.12217712402344,226.33787536621094,0.4134170211734487
PARP1,43,random,0,197.93902587890625,197.93902587890625,197.93902587890625,0.0
PARP1,43,random,1,208.1875457763672,197.93902587890625,220.19912719726562,0.4603986186266056
PARP1,43,random,2,208.23851013183597,197.93902587890625,221.2490234375,0.44184836257662247
PARP1,43,random,3,208.9762420654297,197.93902587890625,221.56236267089844,0.46721664613717145
PARP1,43,random,4,209.10336303710935,197.93902587890625,222.47796630859375,0.4549641085845887
PARP1,43,random,5,210.7359771728516,197.93902587890625,222.49549865722656,0.5211233473743482
PARP1,43,random,6,214.51861572265625,197.93902587890625,223.19342041015625,0.656503161191779
PARP1,43,random,7,214.6516876220703,197.93902587890625,223.451904296875,0.6550676669784666
PARP1,43,random,8,216.147216796875,197.93902587890625,223.56739807128906,0.7104700517569561
PARP1,43,random,9,216.4574432373047,197.93902587890625,223.68328857421875,0.7193221098450903
PARP1,43,random,10,216.46128845214844,197.93902587890625,223.77389526367188,0.7169481795082906
PARP1,44,random,0,191.90249633789062,191.90249633789062,191.90249633789062,0.0
PARP1,44,random,1,205.2778167724609,191.90249633789062,220.5286865234375,0.467240675335252
PARP1,44,random,2,208.00965881347656,191.90249633789062,221.36737060546875,0.5466564129652358
PARP1,44,random,3,211.34536743164065,191.90249633789062,222.35189819335938,0.6385304770858107
PARP1,44,random,4,211.6034698486328,191.90249633789062,222.42971801757812,0.6453575670088252
PARP1,44,random,5,211.68267822265625,191.90249633789062,222.58724975585938,0.6446257401952107
PARP1,44,random,6,213.16737365722656,191.90249633789062,223.18389892578125,0.6797929619552228
PARP1,44,random,7,213.2142639160156,191.90249633789062,223.92514038085938,0.6655217960618222
PARP1,44,random,8,213.49017333984372,191.90249633789062,224.17483520507812,0.6689219858156019
PARP1,44,random,9,215.23265075683597,191.90249633789062,224.292724609375,0.7202837295063055
PARP1,44,random,10,215.94827270507807,191.90249633789062,224.54376220703125,0.7366680098617302
