target,seed,method,source_method,round,base_hv,upper_hv,hv,gain_ratio,gap_to_upper
ESR2,42,upper_bound,random,0,173.93540954589844,173.93540954589844,173.93540954589844,0.0,0.0
ESR2,42,upper_bound,random,1,173.93540954589844,183.78427124023438,183.78427124023438,1.0,0.0
ESR2,42,upper_bound,random,2,173.93540954589844,184.281494140625,184.281494140625,1.0,0.0
ESR2,42,upper_bound,random,3,173.93540954589844,185.73727416992188,185.73727416992188,1.0,0.0
ESR2,42,upper_bound,random,4,173.93540954589844,186.13992309570312,186.13992309570312,1.0,0.0
ESR2,42,upper_bound,random,5,173.93540954589844,188.8538055419922,188.8538055419922,1.0,0.0
ESR2,42,upper_bound,random,6,173.93540954589844,189.08009338378906,189.08009338378906,1.0,0.0
ESR2,42,upper_bound,random,7,173.93540954589844,189.72381591796875,189.72381591796875,1.0,0.0
ESR2,42,upper_bound,random,8,173.93540954589844,190.0047607421875,190.0047607421875,1.0,0.0
ESR2,42,upper_bound,random,9,173.93540954589844,191.7615509033203,191.7615509033203,1.0,0.0
ESR2,42,upper_bound,random,10,173.93540954589844,194.8154296875,194.8154296875,1.0,0.0
ESR2,42,random,random,10,173.93540954589844,194.8154296875,184.79786682128903,0.5202321262970493,10.017562866210966
F2,42,upper_bound,random,0,170.15879821777344,170.15879821777344,170.15879821777344,0.0,0.0
F2,42,upper_bound,random,1,170.15879821777344,183.9816131591797,183.9816131591797,1.0,0.0
F2,42,upper_bound,random,2,170.15879821777344,191.3467254638672,191.3467254638672,1.0,0.0
F2,42,upper_bound,random,3,170.15879821777344,194.61181640625,194.61181640625,1.0,0.0
F2,42,upper_bound,random,4,170.15879821777344,194.97666931152344,194.97666931152344,1.0,0.0
F2,42,upper_bound,random,5,170.15879821777344,195.2117919921875,195.2117919921875,1.0,0.0
F2,42,upper_bound,random,6,170.15879821777344,195.44483947753906,195.44483947753906,1.0,0.0
F2,42,upper_bound,random,7,170.15879821777344,195.55221557617188,195.55221557617188,1.0,0.0
F2,42,upper_bound,random,8,170.15879821777344,197.26260375976562,197.26260375976562,1.0,0.0
F2,42,upper_bound,random,9,170.15879821777344,197.39283752441406,197.39283752441406,1.0,0.0
F2,42,upper_bound,random,10,170.15879821777344,198.6370849609375,198.6370849609375,1.0,0.0
F2,42,random,random,10,170.15879821777344,198.6370849609375,186.6137542724609,0.5778070922274609,12.023330688476591
JAK2,42,upper_bound,random,0,180.6273193359375,180.6273193359375,180.6273193359375,0.0,0.0
JAK2,42,upper_bound,random,1,180.6273193359375,196.73521423339844,196.73521423339844,1.0,0.0
JAK2,42,upper_bound,random,2,180.6273193359375,199.25558471679688,199.25558471679688,1.0,0.0
JAK2,42,upper_bound,random,3,180.6273193359375,200.47206115722656,200.47206115722656,1.0,0.0
JAK2,42,upper_bound,random,4,180.6273193359375,206.4581298828125,206.4581298828125,1.0,0.0
JAK2,42,upper_bound,random,5,180.6273193359375,206.59552001953125,206.59552001953125,1.0,0.0
JAK2,42,upper_bound,random,6,180.6273193359375,206.62672424316406,206.62672424316406,1.0,0.0
JAK2,42,upper_bound,random,7,180.6273193359375,206.77191162109375,206.77191162109375,1.0,0.0
JAK2,42,upper_bound,random,8,180.6273193359375,206.90684509277344,206.90684509277344,1.0,0.0
JAK2,42,upper_bound,random,9,180.6273193359375,207.62054443359375,207.62054443359375,1.0,0.0
JAK2,42,upper_bound,random,10,180.6273193359375,207.86488342285156,207.86488342285156,1.0,0.0
JAK2,42,random,random,10,180.6273193359375,207.86488342285156,193.4663543701172,0.471372366236966,14.398529052734375
KIT,42,upper_bound,random,0,172.8856964111328,172.8856964111328,172.8856964111328,0.0,0.0
KIT,42,upper_bound,random,1,172.8856964111328,190.19322204589844,190.19322204589844,1.0,0.0
KIT,42,upper_bound,random,2,172.8856964111328,194.26321411132812,194.26321411132812,1.0,0.0
KIT,42,upper_bound,random,3,172.8856964111328,195.82688903808594,195.82688903808594,1.0,0.0
KIT,42,upper_bound,random,4,172.8856964111328,196.17100524902344,196.17100524902344,1.0,0.0
KIT,42,upper_bound,random,5,172.8856964111328,197.35462951660156,197.35462951660156,1.0,0.0
KIT,42,upper_bound,random,6,172.8856964111328,197.56961059570312,197.56961059570312,1.0,0.0
KIT,42,upper_bound,random,7,172.8856964111328,197.78659057617188,197.78659057617188,1.0,0.0
KIT,42,upper_bound,random,8,172.8856964111328,197.81642150878906,197.81642150878906,1.0,0.0
KIT,42,upper_bound,random,9,172.8856964111328,197.86221313476562,197.86221313476562,1.0,0.0
KIT,42,upper_bound,random,10,172.8856964111328,197.89706420898438,197.89706420898438,1.0,0.0
KIT,42,random,random,10,172.8856964111328,197.89706420898438,187.31280517578125,0.5768220627217239,10.584259033203125
PARP1,42,upper_bound,random,0,196.12217712402344,196.12217712402344,196.12217712402344,0.0,0.0
PARP1,42,upper_bound,random,1,196.12217712402344,210.53770446777344,210.53770446777344,1.0,0.0
PARP1,42,upper_bound,random,2,196.12217712402344,214.09768676757812,214.09768676757812,1.0,0.0
PARP1,42,upper_bound,random,3,196.12217712402344,221.97019958496094,221.97019958496094,1.0,0.0
PARP1,42,upper_bound,random,4,196.12217712402344,223.06886291503906,223.06886291503906,1.0,0.0
PARP1,42,upper_bound,random,5,196.12217712402344,225.27276611328125,225.27276611328125,1.0,0.0
PARP1,42,upper_bound,random,6,196.12217712402344,225.4349365234375,225.4349365234375,1.0,0.0
PARP1,42,upper_bound,random,7,196.12217712402344,225.55429077148438,225.55429077148438,1.0,0.0
PARP1,42,upper_bound,random,8,196.12217712402344,225.75181579589844,225.75181579589844,1.0,0.0
PARP1,42,upper_bound,random,9,196.12217712402344,225.96546936035156,225.96546936035156,1.0,0.0
PARP1,42,upper_bound,random,10,196.12217712402344,226.33787536621094,226.33787536621094,1.0,0.0
PARP1,42,random,random,10,196.12217712402344,226.33787536621094,208.6138610839844,0.4134170211734487,17.724014282226534
ESR2,43,upper_bound,random,0,158.84103393554688,158.84103393554688,158.84103393554688,0.0,0.0
ESR2,43,upper_bound,random,1,158.84103393554688,184.64414978027344,184.64414978027344,1.0,0.0
ESR2,43,upper_bound,random,2,158.84103393554688,185.638427734375,185.638427734375,1.0,0.0
ESR2,43,upper_bound,random,3,158.84103393554688,186.73538208007812,186.73538208007812,1.0,0.0
ESR2,43,upper_bound,random,4,158.84103393554688,187.39315795898438,187.39315795898438,1.0,0.0
ESR2,43,upper_bound,random,5,158.84103393554688,188.53741455078125,188.53741455078125,1.0,0.0
ESR2,43,upper_bound,random,6,158.84103393554688,189.06036376953125,189.06036376953125,1.0,0.0
ESR2,43,upper_bound,random,7,158.84103393554688,191.62725830078125,191.62725830078125,1.0,0.0
ESR2,43,upper_bound,random,8,158.84103393554688,191.72337341308594,191.72337341308594,1.0,0.0
ESR2,43,upper_bound,random,9,158.84103393554688,192.02841186523438,192.02841186523438,1.0,0.0
ESR2,43,upper_bound,random,10,158.84103393554688,192.04208374023438,192.04208374023438,1.0,0.0
ESR2,43,random,random,10,158.84103393554688,192.04208374023438,178.81832885742188,0.6017067243173286,13.2237548828125
F2,43,upper_bound,random,0,180.01705932617188,180.01705932617188,180.01705932617188,0.0,0.0
F2,43,upper_bound,random,1,180.01705932617188,185.8894805908203,185.8894805908203,1.0,0.0
F2,43,upper_bound,random,2,180.01705932617188,190.2013702392578,190.2013702392578,1.0,0.0
F2,43,upper_bound,random,3,180.01705932617188,190.69180297851562,190.69180297851562,1.0,0.0
F2,43,upper_bound,random,4,180.01705932617188,191.50103759765625,191.50103759765625,1.0,0.0
F2,43,upper_bound,random,5,180.01705932617188,193.18820190429688,193.18820190429688,1.0,0.0
F2,43,upper_bound,random,6,180.01705932617188,194.88572692871094,194.88572692871094,1.0,0.0
F2,43,upper_bound,random,7,180.01705932617188,197.031005859375,197.031005859375,1.0,0.0
F2,43,upper_bound,random,8,180.01705932617188,197.09591674804688,197.09591674804688,1.0,0.0
F2,43,upper_bound,random,9,180.01705932617188,198.34080505371094,198.34080505371094,1.0,0.0
F2,43,upper_bound,random,10,180.01705932617188,198.602294921875,198.602294921875,1.0,0.0
F2,43,random,random,10,180.01705932617188,198.602294921875,188.1273498535156,0.4363835198956965,10.474945068359403
JAK2,43,upper_bound,random,0,190.1666717529297,190.1666717529297,190.1666717529297,0.0,0.0
JAK2,43,upper_bound,random,1,190.1666717529297,199.384521484375,199.384521484375,1.0,0.0
JAK2,43,upper_bound,random,2,190.1666717529297,203.5136260986328,203.5136260986328,1.0,0.0
JAK2,43,upper_bound,random,3,190.1666717529297,203.88636779785156,203.88636779785156,1.0,0.0
JAK2,43,upper_bound,random,4,190.1666717529297,204.66879272460938,204.66879272460938,1.0,0.0
JAK2,43,upper_bound,random,5,190.1666717529297,205.00790405273438,205.00790405273438,1.0,0.0
JAK2,43,upper_bound,random,6,190.1666717529297,205.92544555664062,205.92544555664062,1.0,0.0
JAK2,43,upper_bound,random,7,190.1666717529297,205.94100952148438,205.94100952148438,1.0,0.0
JAK2,43,upper_bound,random,8,190.1666717529297,207.78475952148438,207.78475952148438,1.0,0.0
JAK2,43,upper_bound,random,9,190.1666717529297,207.84243774414062,207.84243774414062,1.0,0.0
JAK2,43,upper_bound,random,10,190.1666717529297,208.4510498046875,208.4510498046875,1.0,0.0
JAK2,43,random,random,10,190.1666717529297,208.4510498046875,196.4656219482422,0.3444990131729931,11.985427856445312
KIT,43,upper_bound,random,0,174.3249969482422,174.3249969482422,174.3249969482422,0.0,0.0
KIT,43,upper_bound,random,1,174.3249969482422,189.93910217285156,189.93910217285156,1.0,0.0
KIT,43,upper_bound,random,2,174.3249969482422,191.91448974609375,191.91448974609375,1.0,0.0
KIT,43,upper_bound,random,3,174.3249969482422,194.3401336669922,194.3401336669922,1.0,0.0
KIT,43,upper_bound,random,4,174.3249969482422,194.56472778320312,194.56472778320312,1.0,0.0
KIT,43,upper_bound,random,5,174.3249969482422,194.73829650878906,194.73829650878906,1.0,0.0
KIT,43,upper_bound,random,6,174.3249969482422,195.95803833007812,195.95803833007812,1.0,0.0
KIT,43,upper_bound,random,7,174.3249969482422,196.3869171142578,196.3869171142578,1.0,0.0
KIT,43,upper_bound,random,8,174.3249969482422,196.74545288085938,196.74545288085938,1.0,0.0
KIT,43,upper_bound,random,9,174.3249969482422,197.00311279296875,197.00311279296875,1.0,0.0
KIT,43,upper_bound,random,10,174.3249969482422,197.74871826171875,197.74871826171875,1.0,0.0
KIT,43,random,random,10,174.3249969482422,197.74871826171875,187.3133850097656,0.554497207668309,10.435333251953153
PARP1,43,upper_bound,random,0,197.93902587890625,197.93902587890625,197.93902587890625,0.0,0.0
PARP1,43,upper_bound,random,1,197.93902587890625,220.19912719726562,220.19912719726562,1.0,0.0
PARP1,43,upper_bound,random,2,197.93902587890625,221.2490234375,221.2490234375,1.0,0.0
PARP1,43,upper_bound,random,3,197.93902587890625,221.56236267089844,221.56236267089844,1.0,0.0
PARP1,43,upper_bound,random,4,197.93902587890625,222.47796630859375,222.47796630859375,1.0,0.0
PARP1,43,upper_bound,random,5,197.93902587890625,222.49549865722656,222.49549865722656,1.0,0.0
PARP1,43,upper_bound,random,6,197.93902587890625,223.19342041015625,223.19342041015625,1.0,0.0
PARP1,43,upper_bound,random,7,197.93902587890625,223.451904296875,223.451904296875,1.0,0.0
PARP1,43,upper_bound,random,8,197.93902587890625,223.56739807128906,223.56739807128906,1.0,0.0
PARP1,43,upper_bound,random,9,197.93902587890625,223.68328857421875,223.68328857421875,1.0,0.0
PARP1,43,upper_bound,random,10,197.93902587890625,223.77389526367188,223.77389526367188,1.0,0.0
PARP1,43,random,random,10,197.93902587890625,223.77389526367188,216.46128845214844,0.7169481795082906,7.3126068115234375
ESR2,44,upper_bound,random,0,160.93531799316406,160.93531799316406,160.93531799316406,0.0,0.0
ESR2,44,upper_bound,random,1,160.93531799316406,183.1536407470703,183.1536407470703,1.0,0.0
ESR2,44,upper_bound,random,2,160.93531799316406,184.13528442382812,184.13528442382812,1.0,0.0
ESR2,44,upper_bound,random,3,160.93531799316406,187.080810546875,187.080810546875,1.0,0.0
ESR2,44,upper_bound,random,4,160.93531799316406,188.2629852294922,188.2629852294922,1.0,0.0
ESR2,44,upper_bound,random,5,160.93531799316406,188.9871826171875,188.9871826171875,1.0,0.0
ESR2,44,upper_bound,random,6,160.93531799316406,192.54136657714844,192.54136657714844,1.0,0.0
ESR2,44,upper_bound,random,7,160.93531799316406,192.87013244628906,192.87013244628906,1.0,0.0
ESR2,44,upper_bound,random,8,160.93531799316406,194.29718017578125,194.29718017578125,1.0,0.0
ESR2,44,upper_bound,random,9,160.93531799316406,194.3539276123047,194.3539276123047,1.0,0.0
ESR2,44,upper_bound,random,10,160.93531799316406,194.47772216796875,194.47772216796875,1.0,0.0
ESR2,44,random,random,10,160.93531799316406,194.47772216796875,179.7501220703125,0.5609259246622859,14.72760009765625
F2,44,upper_bound,random,0,172.4484405517578,172.4484405517578,172.4484405517578,0.0,0.0
F2,44,upper_bound,random,1,172.4484405517578,191.86358642578125,191.86358642578125,1.0,0.0
F2,44,upper_bound,random,2,172.4484405517578,193.80816650390625,193.80816650390625,1.0,0.0
F2,44,upper_bound,random,3,172.4484405517578,193.97239685058594,193.97239685058594,1.0,0.0
F2,44,upper_bound,random,4,172.4484405517578,194.3865509033203,194.3865509033203,1.0,0.0
F2,44,upper_bound,random,5,172.4484405517578,194.8979034423828,194.8979034423828,1.0,0.0
F2,44,upper_bound,random,6,172.4484405517578,195.26478576660156,195.26478576660156,1.0,0.0
F2,44,upper_bound,random,7,172.4484405517578,195.60513305664062,195.60513305664062,1.0,0.0
F2,44,upper_bound,random,8,172.4484405517578,197.1929931640625,197.1929931640625,1.0,0.0
F2,44,upper_bound,random,9,172.4484405517578,197.9689178466797,197.9689178466797,1.0,0.0
F2,44,upper_bound,random,10,172.4484405517578,198.08934020996094,198.08934020996094,1.0,0.0
F2,44,random,random,10,172.4484405517578,198.08934020996094,182.8569183349609,0.40593262802591173,15.232421875000028
JAK2,44,upper_bound,random,0,184.96168518066406,184.96168518066406,184.96168518066406,0.0,0.0
JAK2,44,upper_bound,random,1,184.96168518066406,199.94761657714844,199.94761657714844,1.0,0.0
JAK2,44,upper_bound,random,2,184.96168518066406,200.8656463623047,200.8656463623047,1.0,0.0
JAK2,44,upper_bound,random,3,184.96168518066406,202.07644653320312,202.07644653320312,1.0,0.0
JAK2,44,upper_bound,random,4,184.96168518066406,202.319091796875,202.319091796875,1.0,0.0
JAK2,44,upper_bound,random,5,184.96168518066406,206.23057556152344,206.23057556152344,1.0,0.0
JAK2,44,upper_bound,random,6,184.96168518066406,207.23638916015625,207.23638916015625,1.0,0.0
JAK2,44,upper_bound,random,7,184.96168518066406,207.2463836669922,207.2463836669922,1.0,0.0
JAK2,44,upper_bound,random,8,184.96168518066406,207.4539337158203,207.4539337158203,1.0,0.0
JAK2,44,upper_bound,random,9,184.96168518066406,207.480712890625,207.480712890625,1.0,0.0
JAK2,44,upper_bound,random,10,184.96168518066406,207.49453735351562,207.49453735351562,1.0,0.0
JAK2,44,random,random,10,184.96168518066406,207.49453735351562,194.43865966796875,0.4205847717193524,13.055877685546875
KIT,44,upper_bound,random,0,173.2569580078125,173.2569580078125,173.2569580078125,0.0,0.0
KIT,44,upper_bound,random,1,173.2569580078125,191.09519958496094,191.09519958496094,1.0,0.0
KIT,44,upper_bound,random,2,173.2569580078125,191.85946655273438,191.85946655273438,1.0,0.0
KIT,44,upper_bound,random,3,173.2569580078125,194.7064971923828,194.7064971923828,1.0,0.0
KIT,44,upper_bound,random,4,173.2569580078125,194.88307189941406,194.88307189941406,1.0,0.0
KIT,44,upper_bound,random,5,173.2569580078125,195.52127075195312,195.52127075195312,1.0,0.0
KIT,44,upper_bound,random,6,173.2569580078125,195.8488006591797,195.8488006591797,1.0,0.0
KIT,44,upper_bound,random,7,173.2569580078125,197.57791137695312,197.57791137695312,1.0,0.0
KIT,44,upper_bound,random,8,173.2569580078125,197.61717224121094,197.61717224121094,1.0,0.0
KIT,44,upper_bound,random,9,173.2569580078125,197.71548461914062,197.71548461914062,1.0,0.0
KIT,44,upper_bound,random,10,173.2569580078125,197.7466278076172,197.7466278076172,1.0,0.0
KIT,44,random,random,10,173.2569580078125,197.7466278076172,189.81326293945312,0.6760525996055964,7.9333648681640625
PARP1,44,upper_bound,random,0,191.90249633789062,191.90249633789062,191.90249633789062,0.0,0.0
PARP1,44,upper_bound,random,1,191.90249633789062,220.5286865234375,220.5286865234375,1.0,0.0
PARP1,44,upper_bound,random,2,191.90249633789062,221.36737060546875,221.36737060546875,1.0,0.0
PARP1,44,upper_bound,random,3,191.90249633789062,222.35189819335938,222.35189819335938,1.0,0.0
PARP1,44,upper_bound,random,4,191.90249633789062,222.42971801757812,222.42971801757812,1.0,0.0
PARP1,44,upper_bound,random,5,191.90249633789062,222.58724975585938,222.58724975585938,1.0,0.0
PARP1,44,upper_bound,random,6,191.90249633789062,223.18389892578125,223.18389892578125,1.0,0.0
PARP1,44,upper_bound,random,7,191.90249633789062,223.92514038085938,223.92514038085938,1.0,0.0
PARP1,44,upper_bound,random,8,191.90249633789062,224.17483520507812,224.17483520507812,1.0,0.0
PARP1,44,upper_bound,random,9,191.90249633789062,224.292724609375,224.292724609375,1.0,0.0
PARP1,44,upper_bound,random,10,191.90249633789062,224.54376220703125,224.54376220703125,1.0,0.0
PARP1,44,random,random,10,191.90249633789062,224.54376220703125,215.94827270507807,0.7366680098617302,8.595489501953182
ESR2,42,upper_bound,qpmhi_mc_bnn,0,173.93540954589844,173.93540954589844,173.93540954589844,0.0,0.0
ESR2,42,upper_bound,qpmhi_mc_bnn,1,173.93540954589844,183.78427124023438,183.78427124023438,1.0,0.0
ESR2,42,upper_bound,qpmhi_mc_bnn,2,173.93540954589844,184.281494140625,184.281494140625,1.0,0.0
ESR2,42,upper_bound,qpmhi_mc_bnn,3,173.93540954589844,185.73727416992188,185.73727416992188,1.0,0.0
ESR2,42,upper_bound,qpmhi_mc_bnn,4,173.93540954589844,186.13992309570312,186.13992309570312,1.0,0.0
ESR2,42,upper_bound,qpmhi_mc_bnn,5,173.93540954589844,188.8538055419922,188.8538055419922,1.0,0.0
ESR2,42,upper_bound,qpmhi_mc_bnn,6,173.93540954589844,189.08009338378906,189.08009338378906,1.0,0.0
ESR2,42,upper_bound,qpmhi_mc_bnn,7,173.93540954589844,189.72381591796875,189.72381591796875,1.0,0.0
ESR2,42,upper_bound,qpmhi_mc_bnn,8,173.93540954589844,190.0047607421875,190.0047607421875,1.0,0.0
ESR2,42,upper_bound,qpmhi_mc_bnn,9,173.93540954589844,191.7615509033203,191.7615509033203,1.0,0.0
ESR2,42,upper_bound,qpmhi_mc_bnn,10,173.93540954589844,194.8154296875,194.8154296875,1.0,0.0
ESR2,42,qpmhi_mc_bnn,qpmhi_mc_bnn,10,173.93540954589844,194.8154296875,186.3195343017578,0.5931088510391386,8.495895385742188
F2,42,upper_bound,qpmhi_mc_bnn,0,170.15879821777344,170.15879821777344,170.15879821777344,0.0,0.0
F2,42,upper_bound,qpmhi_mc_bnn,1,170.15879821777344,183.9816131591797,183.9816131591797,1.0,0.0
F2,42,upper_bound,qpmhi_mc_bnn,2,170.15879821777344,191.3467254638672,191.3467254638672,1.0,0.0
F2,42,upper_bound,qpmhi_mc_bnn,3,170.15879821777344,194.61181640625,194.61181640625,1.0,0.0
F2,42,upper_bound,qpmhi_mc_bnn,4,170.15879821777344,194.97666931152344,194.97666931152344,1.0,0.0
F2,42,upper_bound,qpmhi_mc_bnn,5,170.15879821777344,195.2117919921875,195.2117919921875,1.0,0.0
F2,42,upper_bound,qpmhi_mc_bnn,6,170.15879821777344,195.44483947753906,195.44483947753906,1.0,0.0
F2,42,upper_bound,qpmhi_mc_bnn,7,170.15879821777344,195.55221557617188,195.55221557617188,1.0,0.0
F2,42,upper_bound,qpmhi_mc_bnn,8,170.15879821777344,197.26260375976562,197.26260375976562,1.0,0.0
F2,42,upper_bound,qpmhi_mc_bnn,9,170.15879821777344,197.39283752441406,197.39283752441406,1.0,0.0
F2,42,upper_bound,qpmhi_mc_bnn,10,170.15879821777344,198.6370849609375,198.6370849609375,1.0,0.0
F2,42,qpmhi_mc_bnn,qpmhi_mc_bnn,10,170.15879821777344,198.6370849609375,188.0315704345703,0.6275929580309835,10.605514526367188
JAK2,42,upper_bound,qpmhi_mc_bnn,0,180.6273193359375,180.6273193359375,180.6273193359375,0.0,0.0
JAK2,42,upper_bound,qpmhi_mc_bnn,1,180.6273193359375,196.73521423339844,196.73521423339844,1.0,0.0
JAK2,42,upper_bound,qpmhi_mc_bnn,2,180.6273193359375,199.25558471679688,199.25558471679688,1.0,0.0
JAK2,42,upper_bound,qpmhi_mc_bnn,3,180.6273193359375,200.47206115722656,200.47206115722656,1.0,0.0
JAK2,42,upper_bound,qpmhi_mc_bnn,4,180.6273193359375,206.4581298828125,206.4581298828125,1.0,0.0
JAK2,42,upper_bound,qpmhi_mc_bnn,5,180.6273193359375,206.59552001953125,206.59552001953125,1.0,0.0
JAK2,42,upper_bound,qpmhi_mc_bnn,6,180.6273193359375,206.62672424316406,206.62672424316406,1.0,0.0
JAK2,42,upper_bound,qpmhi_mc_bnn,7,180.6273193359375,206.77191162109375,206.77191162109375,1.0,0.0
JAK2,42,upper_bound,qpmhi_mc_bnn,8,180.6273193359375,206.90684509277344,206.90684509277344,1.0,0.0
JAK2,42,upper_bound,qpmhi_mc_bnn,9,180.6273193359375,207.62054443359375,207.62054443359375,1.0,0.0
JAK2,42,upper_bound,qpmhi_mc_bnn,10,180.6273193359375,207.86488342285156,207.86488342285156,1.0,0.0
JAK2,42,qpmhi_mc_bnn,qpmhi_mc_bnn,10,180.6273193359375,207.86488342285156,196.35092163085932,0.5772763762849124,11.513961791992244
KIT,42,upper_bound,qpmhi_mc_bnn,0,172.8856964111328,172.8856964111328,172.8856964111328,0.0,0.0
KIT,42,upper_bound,qpmhi_mc_bnn,1,172.8856964111328,190.19322204589844,190.19322204589844,1.0,0.0
KIT,42,upper_bound,qpmhi_mc_bnn,2,172.8856964111328,194.26321411132812,194.26321411132812,1.0,0.0
KIT,42,upper_bound,qpmhi_mc_bnn,3,172.8856964111328,195.82688903808594,195.82688903808594,1.0,0.0
KIT,42,upper_bound,qpmhi_mc_bnn,4,172.8856964111328,196.17100524902344,196.17100524902344,1.0,0.0
KIT,42,upper_bound,qpmhi_mc_bnn,5,172.8856964111328,197.35462951660156,197.35462951660156,1.0,0.0
KIT,42,upper_bound,qpmhi_mc_bnn,6,172.8856964111328,197.56961059570312,197.56961059570312,1.0,0.0
KIT,42,upper_bound,qpmhi_mc_bnn,7,172.8856964111328,197.78659057617188,197.78659057617188,1.0,0.0
KIT,42,upper_bound,qpmhi_mc_bnn,8,172.8856964111328,197.81642150878906,197.81642150878906,1.0,0.0
KIT,42,upper_bound,qpmhi_mc_bnn,9,172.8856964111328,197.86221313476562,197.86221313476562,1.0,0.0
KIT,42,upper_bound,qpmhi_mc_bnn,10,172.8856964111328,197.89706420898438,197.89706420898438,1.0,0.0
KIT,42,qpmhi_mc_bnn,qpmhi_mc_bnn,10,172.8856964111328,197.89706420898438,189.6226043701172,0.669172037861202,8.274459838867188
PARP1,42,upper_bound,qpmhi_mc_bnn,0,196.12217712402344,196.12217712402344,196.12217712402344,0.0,0.0
PARP1,42,upper_bound,qpmhi_mc_bnn,1,196.12217712402344,210.53770446777344,210.53770446777344,1.0,0.0
PARP1,42,upper_bound,qpmhi_mc_bnn,2,196.12217712402344,214.09768676757812,214.09768676757812,1.0,0.0
PARP1,42,upper_bound,qpmhi_mc_bnn,3,196.12217712402344,221.97019958496094,221.97019958496094,1.0,0.0
PARP1,42,upper_bound,qpmhi_mc_bnn,4,196.12217712402344,223.06886291503906,223.06886291503906,1.0,0.0
PARP1,42,upper_bound,qpmhi_mc_bnn,5,196.12217712402344,225.27276611328125,225.27276611328125,1.0,0.0
PARP1,42,upper_bound,qpmhi_mc_bnn,6,196.12217712402344,225.4349365234375,225.4349365234375,1.0,0.0
PARP1,42,upper_bound,qpmhi_mc_bnn,7,196.12217712402344,225.55429077148438,225.55429077148438,1.0,0.0
PARP1,42,upper_bound,qpmhi_mc_bnn,8,196.12217712402344,225.75181579589844,225.75181579589844,1.0,0.0
PARP1,42,upper_bound,qpmhi_mc_bnn,9,196.12217712402344,225.96546936035156,225.96546936035156,1.0,0.0
PARP1,42,upper_bound,qpmhi_mc_bnn,10,196.12217712402344,226.33787536621094,226.33787536621094,1.0,0.0
PARP1,42,qpmhi_mc_bnn,qpmhi_mc_bnn,10,196.12217712402344,226.33787536621094,222.0736389160156,0.858873476428833,4.264236450195341
ESR2,43,upper_bound,qpmhi_mc_bnn,0,158.84103393554688,158.84103393554688,158.84103393554688,0.0,0.0
ESR2,43,upper_bound,qpmhi_mc_bnn,1,158.84103393554688,184.64414978027344,184.64414978027344,1.0,0.0
ESR2,43,upper_bound,qpmhi_mc_bnn,2,158.84103393554688,185.638427734375,185.638427734375,1.0,0.0
ESR2,43,upper_bound,qpmhi_mc_bnn,3,158.84103393554688,186.73538208007812,186.73538208007812,1.0,0.0
ESR2,43,upper_bound,qpmhi_mc_bnn,4,158.84103393554688,187.39315795898438,187.39315795898438,1.0,0.0
ESR2,43,upper_bound,qpmhi_mc_bnn,5,158.84103393554688,188.53741455078125,188.53741455078125,1.0,0.0
ESR2,43,upper_bound,qpmhi_mc_bnn,6,158.84103393554688,189.06036376953125,189.06036376953125,1.0,0.0
ESR2,43,upper_bound,qpmhi_mc_bnn,7,158.84103393554688,191.62725830078125,191.62725830078125,1.0,0.0
ESR2,43,upper_bound,qpmhi_mc_bnn,8,158.84103393554688,191.72337341308594,191.72337341308594,1.0,0.0
ESR2,43,upper_bound,qpmhi_mc_bnn,9,158.84103393554688,192.02841186523438,192.02841186523438,1.0,0.0
ESR2,43,upper_bound,qpmhi_mc_bnn,10,158.84103393554688,192.04208374023438,192.04208374023438,1.0,0.0
ESR2,43,qpmhi_mc_bnn,qpmhi_mc_bnn,10,158.84103393554688,192.04208374023438,188.6333465576172,0.8973304397701327,3.4087371826171875
F2,43,upper_bound,qpmhi_mc_bnn,0,180.01705932617188,180.01705932617188,180.01705932617188,0.0,0.0
F2,43,upper_bound,qpmhi_mc_bnn,1,180.01705932617188,185.8894805908203,185.8894805908203,1.0,0.0
F2,43,upper_bound,qpmhi_mc_bnn,2,180.01705932617188,190.2013702392578,190.2013702392578,1.0,0.0
F2,43,upper_bound,qpmhi_mc_bnn,3,180.01705932617188,190.69180297851562,190.69180297851562,1.0,0.0
F2,43,upper_bound,qpmhi_mc_bnn,4,180.01705932617188,191.50103759765625,191.50103759765625,1.0,0.0
F2,43,upper_bound,qpmhi_mc_bnn,5,180.01705932617188,193.18820190429688,193.18820190429688,1.0,0.0
F2,43,upper_bound,qpmhi_mc_bnn,6,180.01705932617188,194.88572692871094,194.88572692871094,1.0,0.0
F2,43,upper_bound,qpmhi_mc_bnn,7,180.01705932617188,197.031005859375,197.031005859375,1.0,0.0
F2,43,upper_bound,qpmhi_mc_bnn,8,180.01705932617188,197.09591674804688,197.09591674804688,1.0,0.0
F2,43,upper_bound,qpmhi_mc_bnn,9,180.01705932617188,198.34080505371094,198.34080505371094,1.0,0.0
F2,43,upper_bound,qpmhi_mc_bnn,10,180.01705932617188,198.602294921875,198.602294921875,1.0,0.0
F2,43,qpmhi_mc_bnn,qpmhi_mc_bnn,10,180.01705932617188,198.602294921875,190.1194000244141,0.5435680729588308,8.482894897460909
JAK2,43,upper_bound,qpmhi_mc_bnn,0,190.1666717529297,190.1666717529297,190.1666717529297,0.0,0.0
JAK2,43,upper_bound,qpmhi_mc_bnn,1,190.1666717529297,199.384521484375,199.384521484375,1.0,0.0
JAK2,43,upper_bound,qpmhi_mc_bnn,2,190.1666717529297,203.5136260986328,203.5136260986328,1.0,0.0
JAK2,43,upper_bound,qpmhi_mc_bnn,3,190.1666717529297,203.88636779785156,203.88636779785156,1.0,0.0
JAK2,43,upper_bound,qpmhi_mc_bnn,4,190.1666717529297,204.66879272460938,204.66879272460938,1.0,0.0
JAK2,43,upper_bound,qpmhi_mc_bnn,5,190.1666717529297,205.00790405273438,205.00790405273438,1.0,0.0
JAK2,43,upper_bound,qpmhi_mc_bnn,6,190.1666717529297,205.92544555664062,205.92544555664062,1.0,0.0
JAK2,43,upper_bound,qpmhi_mc_bnn,7,190.1666717529297,205.94100952148438,205.94100952148438,1.0,0.0
JAK2,43,upper_bound,qpmhi_mc_bnn,8,190.1666717529297,207.78475952148438,207.78475952148438,1.0,0.0
JAK2,43,upper_bound,qpmhi_mc_bnn,9,190.1666717529297,207.84243774414062,207.84243774414062,1.0,0.0
JAK2,43,upper_bound,qpmhi_mc_bnn,10,190.1666717529297,208.4510498046875,208.4510498046875,1.0,0.0
JAK2,43,qpmhi_mc_bnn,qpmhi_mc_bnn,10,190.1666717529297,208.4510498046875,200.56967163085932,0.5689556324246705,7.881378173828182
KIT,43,upper_bound,qpmhi_mc_bnn,0,174.3249969482422,174.3249969482422,174.3249969482422,0.0,0.0
KIT,43,upper_bound,qpmhi_mc_bnn,1,174.3249969482422,189.93910217285156,189.93910217285156,1.0,0.0
KIT,43,upper_bound,qpmhi_mc_bnn,2,174.3249969482422,191.91448974609375,191.91448974609375,1.0,0.0
KIT,43,upper_bound,qpmhi_mc_bnn,3,174.3249969482422,194.3401336669922,194.3401336669922,1.0,0.0
KIT,43,upper_bound,qpmhi_mc_bnn,4,174.3249969482422,194.56472778320312,194.56472778320312,1.0,0.0
KIT,43,upper_bound,qpmhi_mc_bnn,5,174.3249969482422,194.73829650878906,194.73829650878906,1.0,0.0
KIT,43,upper_bound,qpmhi_mc_bnn,6,174.3249969482422,195.95803833007812,195.95803833007812,1.0,0.0
KIT,43,upper_bound,qpmhi_mc_bnn,7,174.3249969482422,196.3869171142578,196.3869171142578,1.0,0.0
KIT,43,upper_bound,qpmhi_mc_bnn,8,174.3249969482422,196.74545288085938,196.74545288085938,1.0,0.0
KIT,43,upper_bound,qpmhi_mc_bnn,9,174.3249969482422,197.00311279296875,197.00311279296875,1.0,0.0
KIT,43,upper_bound,qpmhi_mc_bnn,10,174.3249969482422,197.74871826171875,197.74871826171875,1.0,0.0
KIT,43,qpmhi_mc_bnn,qpmhi_mc_bnn,10,174.3249969482422,197.74871826171875,187.92800903320312,0.580736591889633,9.820709228515625
PARP1,43,upper_bound,qpmhi_mc_bnn,0,197.93902587890625,197.93902587890625,197.93902587890625,0.0,0.0
PARP1,43,upper_bound,qpmhi_mc_bnn,1,197.93902587890625,220.19912719726562,220.19912719726562,1.0,0.0
PARP1,43,upper_bound,qpmhi_mc_bnn,2,197.93902587890625,221.2490234375,221.2490234375,1.0,0.0
PARP1,43,upper_bound,qpmhi_mc_bnn,3,197.93902587890625,221.56236267089844,221.56236267089844,1.0,0.0
PARP1,43,upper_bound,qpmhi_mc_bnn,4,197.93902587890625,222.47796630859375,222.47796630859375,1.0,0.0
PARP1,43,upper_bound,qpmhi_mc_bnn,5,197.93902587890625,222.49549865722656,222.49549865722656,1.0,0.0
PARP1,43,upper_bound,qpmhi_mc_bnn,6,197.93902587890625,223.19342041015625,223.19342041015625,1.0,0.0
PARP1,43,upper_bound,qpmhi_mc_bnn,7,197.93902587890625,223.451904296875,223.451904296875,1.0,0.0
PARP1,43,upper_bound,qpmhi_mc_bnn,8,197.93902587890625,223.56739807128906,223.56739807128906,1.0,0.0
PARP1,43,upper_bound,qpmhi_mc_bnn,9,197.93902587890625,223.68328857421875,223.68328857421875,1.0,0.0
PARP1,43,upper_bound,qpmhi_mc_bnn,10,197.93902587890625,223.77389526367188,223.77389526367188,1.0,0.0
PARP1,43,qpmhi_mc_bnn,qpmhi_mc_bnn,10,197.93902587890625,223.77389526367188,216.4374237060547,0.7160244378110393,7.3364715576171875
ESR2,44,upper_bound,qpmhi_mc_bnn,0,160.93531799316406,160.93531799316406,160.93531799316406,0.0,0.0
ESR2,44,upper_bound,qpmhi_mc_bnn,1,160.93531799316406,183.1536407470703,183.1536407470703,1.0,0.0
ESR2,44,upper_bound,qpmhi_mc_bnn,2,160.93531799316406,184.13528442382812,184.13528442382812,1.0,0.0
ESR2,44,upper_bound,qpmhi_mc_bnn,3,160.93531799316406,187.080810546875,187.080810546875,1.0,0.0
ESR2,44,upper_bound,qpmhi_mc_bnn,4,160.93531799316406,188.2629852294922,188.2629852294922,1.0,0.0
ESR2,44,upper_bound,qpmhi_mc_bnn,5,160.93531799316406,188.9871826171875,188.9871826171875,1.0,0.0
ESR2,44,upper_bound,qpmhi_mc_bnn,6,160.93531799316406,192.54136657714844,192.54136657714844,1.0,0.0
ESR2,44,upper_bound,qpmhi_mc_bnn,7,160.93531799316406,192.87013244628906,192.87013244628906,1.0,0.0
ESR2,44,upper_bound,qpmhi_mc_bnn,8,160.93531799316406,194.29718017578125,194.29718017578125,1.0,0.0
ESR2,44,upper_bound,qpmhi_mc_bnn,9,160.93531799316406,194.3539276123047,194.3539276123047,1.0,0.0
ESR2,44,upper_bound,qpmhi_mc_bnn,10,160.93531799316406,194.47772216796875,194.47772216796875,1.0,0.0
ESR2,44,qpmhi_mc_bnn,qpmhi_mc_bnn,10,160.93531799316406,194.47772216796875,185.6395568847656,0.7365076982215268,8.838165283203153
F2,44,upper_bound,qpmhi_mc_bnn,0,172.4484405517578,172.4484405517578,172.4484405517578,0.0,0.0
F2,44,upper_bound,qpmhi_mc_bnn,1,172.4484405517578,191.86358642578125,191.86358642578125,1.0,0.0
F2,44,upper_bound,qpmhi_mc_bnn,2,172.4484405517578,193.80816650390625,193.80816650390625,1.0,0.0
F2,44,upper_bound,qpmhi_mc_bnn,3,172.4484405517578,193.97239685058594,193.97239685058594,1.0,0.0
F2,44,upper_bound,qpmhi_mc_bnn,4,172.4484405517578,194.3865509033203,194.3865509033203,1.0,0.0
F2,44,upper_bound,qpmhi_mc_bnn,5,172.4484405517578,194.8979034423828,194.8979034423828,1.0,0.0
F2,44,upper_bound,qpmhi_mc_bnn,6,172.4484405517578,195.26478576660156,195.26478576660156,1.0,0.0
F2,44,upper_bound,qpmhi_mc_bnn,7,172.4484405517578,195.60513305664062,195.60513305664062,1.0,0.0
F2,44,upper_bound,qpmhi_mc_bnn,8,172.4484405517578,197.1929931640625,197.1929931640625,1.0,0.0
F2,44,upper_bound,qpmhi_mc_bnn,9,172.4484405517578,197.9689178466797,197.9689178466797,1.0,0.0
F2,44,upper_bound,qpmhi_mc_bnn,10,172.4484405517578,198.08934020996094,198.08934020996094,1.0,0.0
F2,44,qpmhi_mc_bnn,qpmhi_mc_bnn,10,172.4484405517578,198.08934020996094,188.1739959716797,0.6132996747206918,9.91534423828125
JAK2,44,upper_bound,qpmhi_mc_bnn,0,184.96168518066406,184.96168518066406,184.96168518066406,0.0,0.0
JAK2,44,upper_bound,qpmhi_mc_bnn,1,184.96168518066406,199.94761657714844,199.94761657714844,1.0,0.0
JAK2,44,upper_bound,qpmhi_mc_bnn,2,184.96168518066406,200.8656463623047,200.8656463623047,1.0,0.0
JAK2,44,upper_bound,qpmhi_mc_bnn,3,184.96168518066406,202.07644653320312,202.07644653320312,1.0,0.0
JAK2,44,upper_bound,qpmhi_mc_bnn,4,184.96168518066406,202.319091796875,202.319091796875,1.0,0.0
JAK2,44,upper_bound,qpmhi_mc_bnn,5,184.96168518066406,206.23057556152344,206.23057556152344,1.0,0.0
JAK2,44,upper_bound,qpmhi_mc_bnn,6,184.96168518066406,207.23638916015625,207.23638916015625,1.0,0.0
JAK2,44,upper_bound,qpmhi_mc_bnn,7,184.96168518066406,207.2463836669922,207.2463836669922,1.0,0.0
JAK2,44,upper_bound,qpmhi_mc_bnn,8,184.96168518066406,207.4539337158203,207.4539337158203,1.0,0.0
JAK2,44,upper_bound,qpmhi_mc_bnn,9,184.96168518066406,207.480712890625,207.480712890625,1.0,0.0
JAK2,44,upper_bound,qpmhi_mc_bnn,10,184.96168518066406,207.49453735351562,207.49453735351562,1.0,0.0
JAK2,44,qpmhi_mc_bnn,qpmhi_mc_bnn,10,184.96168518066406,207.49453735351562,195.90196228027344,0.48552562346237893,11.592575073242188
KIT,44,upper_bound,qpmhi_mc_bnn,0,173.2569580078125,173.2569580078125,173.2569580078125,0.0,0.0
KIT,44,upper_bound,qpmhi_mc_bnn,1,173.2569580078125,191.09519958496094,191.09519958496094,1.0,0.0
KIT,44,upper_bound,qpmhi_mc_bnn,2,173.2569580078125,191.85946655273438,191.85946655273438,1.0,0.0
KIT,44,upper_bound,qpmhi_mc_bnn,3,173.2569580078125,194.7064971923828,194.7064971923828,1.0,0.0
KIT,44,upper_bound,qpmhi_mc_bnn,4,173.2569580078125,194.88307189941406,194.88307189941406,1.0,0.0
KIT,44,upper_bound,qpmhi_mc_bnn,5,173.2569580078125,195.52127075195312,195.52127075195312,1.0,0.0
KIT,44,upper_bound,qpmhi_mc_bnn,6,173.2569580078125,195.8488006591797,195.8488006591797,1.0,0.0
KIT,44,upper_bound,qpmhi_mc_bnn,7,173.2569580078125,197.57791137695312,197.57791137695312,1.0,0.0
KIT,44,upper_bound,qpmhi_mc_bnn,8,173.2569580078125,197.61717224121094,197.61717224121094,1.0,0.0
KIT,44,upper_bound,qpmhi_mc_bnn,9,173.2569580078125,197.71548461914062,197.71548461914062,1.0,0.0
KIT,44,upper_bound,qpmhi_mc_bnn,10,173.2569580078125,197.7466278076172,197.7466278076172,1.0,0.0
KIT,44,qpmhi_mc_bnn,qpmhi_mc_bnn,10,173.2569580078125,197.7466278076172,186.2688446044922,0.5313214389188482,11.477783203125
PARP1,44,upper_bound,qpmhi_mc_bnn,0,191.90249633789062,191.90249633789062,191.90249633789062,0.0,0.0
PARP1,44,upper_bound,qpmhi_mc_bnn,1,191.90249633789062,220.5286865234375,220.5286865234375,1.0,0.0
PARP1,44,upper_bound,qpmhi_mc_bnn,2,191.90249633789062,221.36737060546875,221.36737060546875,1.0,0.0
PARP1,44,upper_bound,qpmhi_mc_bnn,3,191.90249633789062,222.35189819335938,222.35189819335938,1.0,0.0
PARP1,44,upper_bound,qpmhi_mc_bnn,4,191.90249633789062,222.42971801757812,222.42971801757812,1.0,0.0
PARP1,44,upper_bound,qpmhi_mc_bnn,5,191.90249633789062,222.58724975585938,222.58724975585938,1.0,0.0
PARP1,44,upper_bound,qpmhi_mc_bnn,6,191.90249633789062,223.18389892578125,223.18389892578125,1.0,0.0
PARP1,44,upper_bound,qpmhi_mc_bnn,7,191.90249633789062,223.92514038085938,223.92514038085938,1.0,0.0
PARP1,44,upper_bound,qpmhi_mc_bnn,8,191.90249633789062,224.17483520507812,224.17483520507812,1.0,0.0
PARP1,44,upper_bound,qpmhi_mc_bnn,9,191.90249633789062,224.292724609375,224.292724609375,1.0,0.0
PARP1,44,upper_bound,qpmhi_mc_bnn,10,191.90249633789062,224.54376220703125,224.54376220703125,1.0,0.0
PARP1,44,qpmhi_mc_bnn,qpmhi_mc_bnn,10,191.90249633789062,224.54376220703125,216.4492950439453,0.7520173636789458,8.094467163085938
ESR2,42,upper_bound,analytic_ehvi,0,152.30740356445312,152.30740356445312,152.30740356445312,0.0,0.0
ESR2,42,upper_bound,analytic_ehvi,1,152.30740356445312,190.34532165527344,190.34532165527344,1.0,0.0
ESR2,42,upper_bound,analytic_ehvi,2,152.30740356445312,190.99220275878906,190.99220275878906,1.0,0.0
ESR2,42,upper_bound,analytic_ehvi,3,152.30740356445312,193.05113220214844,193.05113220214844,1.0,0.0
ESR2,42,upper_bound,analytic_ehvi,4,152.30740356445312,193.923583984375,193.923583984375,1.0,0.0
ESR2,42,upper_bound,analytic_ehvi,5,152.30740356445312,195.08409118652344,195.08409118652344,1.0,0.0
ESR2,42,upper_bound,analytic_ehvi,6,152.30740356445312,195.26646423339844,195.26646423339844,1.0,0.0
ESR2,42,upper_bound,analytic_ehvi,7,152.30740356445312,195.2821807861328,195.2821807861328,1.0,0.0
ESR2,42,upper_bound,analytic_ehvi,8,152.30740356445312,195.37794494628906,195.37794494628906,1.0,0.0
ESR2,42,upper_bound,analytic_ehvi,9,152.30740356445312,196.53543090820312,196.53543090820312,1.0,0.0
ESR2,42,upper_bound,analytic_ehvi,10,152.30740356445312,196.7374725341797,196.7374725341797,1.0,0.0
ESR2,42,analytic_ehvi,analytic_ehvi,10,152.30740356445312,196.7374725341797,196.4576568603516,0.9937021102978986,0.2798156738280966
F2,42,upper_bound,analytic_ehvi,0,157.5509490966797,157.5509490966797,157.5509490966797,0.0,0.0
F2,42,upper_bound,analytic_ehvi,1,157.5509490966797,187.0118408203125,187.0118408203125,1.0,0.0
F2,42,upper_bound,analytic_ehvi,2,157.5509490966797,190.31993103027344,190.31993103027344,1.0,0.0
F2,42,upper_bound,analytic_ehvi,3,157.5509490966797,192.62075805664062,192.62075805664062,1.0,0.0
F2,42,upper_bound,analytic_ehvi,4,157.5509490966797,195.65719604492188,195.65719604492188,1.0,0.0
F2,42,upper_bound,analytic_ehvi,5,157.5509490966797,196.04293823242188,196.04293823242188,1.0,0.0
F2,42,upper_bound,analytic_ehvi,6,157.5509490966797,196.15225219726562,196.15225219726562,1.0,0.0
F2,42,upper_bound,analytic_ehvi,7,157.5509490966797,196.28953552246094,196.28953552246094,1.0,0.0
F2,42,upper_bound,analytic_ehvi,8,157.5509490966797,197.7084197998047,197.7084197998047,1.0,0.0
F2,42,upper_bound,analytic_ehvi,9,157.5509490966797,197.83447265625,197.83447265625,1.0,0.0
F2,42,upper_bound,analytic_ehvi,10,157.5509490966797,197.85562133789062,197.85562133789062,1.0,0.0
F2,42,analytic_ehvi,analytic_ehvi,10,157.5509490966797,197.85562133789062,197.67042541503903,0.9954051003877851,0.18519592285159092
JAK2,42,upper_bound,analytic_ehvi,0,173.16220092773438,173.16220092773438,173.16220092773438,0.0,0.0
JAK2,42,upper_bound,analytic_ehvi,1,173.16220092773438,201.4697265625,201.4697265625,1.0,0.0
JAK2,42,upper_bound,analytic_ehvi,2,173.16220092773438,202.075927734375,202.075927734375,1.0,0.0
JAK2,42,upper_bound,analytic_ehvi,3,173.16220092773438,202.88941955566406,202.88941955566406,1.0,0.0
JAK2,42,upper_bound,analytic_ehvi,4,173.16220092773438,203.72879028320312,203.72879028320312,1.0,0.0
JAK2,42,upper_bound,analytic_ehvi,5,173.16220092773438,203.92938232421875,203.92938232421875,1.0,0.0
JAK2,42,upper_bound,analytic_ehvi,6,173.16220092773438,206.72120666503906,206.72120666503906,1.0,0.0
JAK2,42,upper_bound,analytic_ehvi,7,173.16220092773438,207.31011962890625,207.31011962890625,1.0,0.0
JAK2,42,upper_bound,analytic_ehvi,8,173.16220092773438,207.74351501464844,207.74351501464844,1.0,0.0
JAK2,42,upper_bound,analytic_ehvi,9,173.16220092773438,208.77101135253906,208.77101135253906,1.0,0.0
JAK2,42,upper_bound,analytic_ehvi,10,173.16220092773438,209.01612854003906,209.01612854003906,1.0,0.0
JAK2,42,analytic_ehvi,analytic_ehvi,10,173.16220092773438,209.01612854003906,208.896484375,0.9966630109166059,0.1196441650390625
KIT,42,upper_bound,analytic_ehvi,0,169.91256713867188,169.91256713867188,169.91256713867188,0.0,0.0
KIT,42,upper_bound,analytic_ehvi,1,169.91256713867188,194.794921875,194.794921875,1.0,0.0
KIT,42,upper_bound,analytic_ehvi,2,169.91256713867188,197.64321899414062,197.64321899414062,1.0,0.0
KIT,42,upper_bound,analytic_ehvi,3,169.91256713867188,197.83729553222656,197.83729553222656,1.0,0.0
KIT,42,upper_bound,analytic_ehvi,4,169.91256713867188,200.8884735107422,200.8884735107422,1.0,0.0
KIT,42,upper_bound,analytic_ehvi,5,169.91256713867188,202.85110473632812,202.85110473632812,1.0,0.0
KIT,42,upper_bound,analytic_ehvi,6,169.91256713867188,203.0100555419922,203.0100555419922,1.0,0.0
KIT,42,upper_bound,analytic_ehvi,7,169.91256713867188,204.9955596923828,204.9955596923828,1.0,0.0
KIT,42,upper_bound,analytic_ehvi,8,169.91256713867188,205.16607666015625,205.16607666015625,1.0,0.0
KIT,42,upper_bound,analytic_ehvi,9,169.91256713867188,205.23948669433594,205.23948669433594,1.0,0.0
KIT,42,upper_bound,analytic_ehvi,10,169.91256713867188,207.1690673828125,207.1690673828125,1.0,0.0
KIT,42,analytic_ehvi,analytic_ehvi,10,169.91256713867188,207.1690673828125,207.01608276367188,0.9958937469129381,0.152984619140625
PARP1,42,upper_bound,analytic_ehvi,0,178.72640991210938,178.72640991210938,178.72640991210938,0.0,0.0
PARP1,42,upper_bound,analytic_ehvi,1,178.72640991210938,215.4471893310547,215.4471893310547,1.0,0.0
PARP1,42,upper_bound,analytic_ehvi,2,178.72640991210938,218.7353973388672,218.7353973388672,1.0,0.0
PARP1,42,upper_bound,analytic_ehvi,3,178.72640991210938,219.93775939941406,219.93775939941406,1.0,0.0
PARP1,42,upper_bound,analytic_ehvi,4,178.72640991210938,220.59500122070312,220.59500122070312,1.0,0.0
PARP1,42,upper_bound,analytic_ehvi,5,178.72640991210938,220.84017944335938,220.84017944335938,1.0,0.0
PARP1,42,upper_bound,analytic_ehvi,6,178.72640991210938,221.1862030029297,221.1862030029297,1.0,0.0
PARP1,42,upper_bound,analytic_ehvi,7,178.72640991210938,223.58139038085938,223.58139038085938,1.0,0.0
PARP1,42,upper_bound,analytic_ehvi,8,178.72640991210938,223.7423095703125,223.7423095703125,1.0,0.0
PARP1,42,upper_bound,analytic_ehvi,9,178.72640991210938,223.8248291015625,223.8248291015625,1.0,0.0
PARP1,42,upper_bound,analytic_ehvi,10,178.72640991210938,223.91311645507812,223.91311645507812,1.0,0.0
PARP1,42,analytic_ehvi,analytic_ehvi,10,178.72640991210938,223.91311645507812,223.23587036132807,0.9850122714053955,0.6772460937500568
ESR2,43,upper_bound,analytic_ehvi,0,148.5709228515625,148.5709228515625,148.5709228515625,0.0,0.0
ESR2,43,upper_bound,analytic_ehvi,1,148.5709228515625,187.1979217529297,187.1979217529297,1.0,0.0
ESR2,43,upper_bound,analytic_ehvi,2,148.5709228515625,190.1638946533203,190.1638946533203,1.0,0.0
ESR2,43,upper_bound,analytic_ehvi,3,148.5709228515625,190.4430389404297,190.4430389404297,1.0,0.0
ESR2,43,upper_bound,analytic_ehvi,4,148.5709228515625,190.61727905273438,190.61727905273438,1.0,0.0
ESR2,43,upper_bound,analytic_ehvi,5,148.5709228515625,191.6148223876953,191.6148223876953,1.0,0.0
ESR2,43,upper_bound,analytic_ehvi,6,148.5709228515625,194.7945556640625,194.7945556640625,1.0,0.0
ESR2,43,upper_bound,analytic_ehvi,7,148.5709228515625,194.88278198242188,194.88278198242188,1.0,0.0
ESR2,43,upper_bound,analytic_ehvi,8,148.5709228515625,194.8848419189453,194.8848419189453,1.0,0.0
ESR2,43,upper_bound,analytic_ehvi,9,148.5709228515625,195.13641357421875,195.13641357421875,1.0,0.0
ESR2,43,upper_bound,analytic_ehvi,10,148.5709228515625,196.3523406982422,196.3523406982422,1.0,0.0
ESR2,43,analytic_ehvi,analytic_ehvi,10,148.5709228515625,196.3523406982422,192.71197509765625,0.923812105947398,3.6403656005859375
F2,43,upper_bound,analytic_ehvi,0,155.98800659179688,155.98800659179688,155.98800659179688,0.0,0.0
F2,43,upper_bound,analytic_ehvi,1,155.98800659179688,188.29371643066406,188.29371643066406,1.0,0.0
F2,43,upper_bound,analytic_ehvi,2,155.98800659179688,191.4051513671875,191.4051513671875,1.0,0.0
F2,43,upper_bound,analytic_ehvi,3,155.98800659179688,193.37954711914062,193.37954711914062,1.0,0.0
F2,43,upper_bound,analytic_ehvi,4,155.98800659179688,193.4705352783203,193.4705352783203,1.0,0.0
F2,43,upper_bound,analytic_ehvi,5,155.98800659179688,194.78689575195312,194.78689575195312,1.0,0.0
F2,43,upper_bound,analytic_ehvi,6,155.98800659179688,194.84259033203125,194.84259033203125,1.0,0.0
F2,43,upper_bound,analytic_ehvi,7,155.98800659179688,196.7744140625,196.7744140625,1.0,0.0
F2,43,upper_bound,analytic_ehvi,8,155.98800659179688,197.56478881835938,197.56478881835938,1.0,0.0
F2,43,upper_bound,analytic_ehvi,9,155.98800659179688,197.56919860839844,197.56919860839844,1.0,0.0
F2,43,upper_bound,analytic_ehvi,10,155.98800659179688,198.05996704101562,198.05996704101562,1.0,0.0
F2,43,analytic_ehvi,analytic_ehvi,10,155.98800659179688,198.05996704101562,196.2242889404297,0.9563681349529309,1.8356781005859375
JAK2,43,upper_bound,analytic_ehvi,0,172.6520538330078,172.6520538330078,172.6520538330078,0.0,0.0
JAK2,43,upper_bound,analytic_ehvi,1,172.6520538330078,201.39183044433594,201.39183044433594,1.0,0.0
JAK2,43,upper_bound,analytic_ehvi,2,172.6520538330078,204.1443328857422,204.1443328857422,1.0,0.0
JAK2,43,upper_bound,analytic_ehvi,3,172.6520538330078,204.32794189453125,204.32794189453125,1.0,0.0
JAK2,43,upper_bound,analytic_ehvi,4,172.6520538330078,204.5674591064453,204.5674591064453,1.0,0.0
JAK2,43,upper_bound,analytic_ehvi,5,172.6520538330078,206.26840209960938,206.26840209960938,1.0,0.0
JAK2,43,upper_bound,analytic_ehvi,6,172.6520538330078,208.6012725830078,208.6012725830078,1.0,0.0
JAK2,43,upper_bound,analytic_ehvi,7,172.6520538330078,208.71682739257812,208.71682739257812,1.0,0.0
JAK2,43,upper_bound,analytic_ehvi,8,172.6520538330078,210.05575561523438,210.05575561523438,1.0,0.0
JAK2,43,upper_bound,analytic_ehvi,9,172.6520538330078,210.13226318359375,210.13226318359375,1.0,0.0
JAK2,43,upper_bound,analytic_ehvi,10,172.6520538330078,211.7212371826172,211.7212371826172,1.0,0.0
JAK2,43,analytic_ehvi,analytic_ehvi,10,172.6520538330078,211.7212371826172,209.4634704589844,0.9422110592015904,2.257766723632784
KIT,43,upper_bound,analytic_ehvi,0,163.43545532226562,163.43545532226562,163.43545532226562,0.0,0.0
KIT,43,upper_bound,analytic_ehvi,1,163.43545532226562,196.5863494873047,196.5863494873047,1.0,0.0
KIT,43,upper_bound,analytic_ehvi,2,163.43545532226562,200.00477600097656,200.00477600097656,1.0,0.0
KIT,43,upper_bound,analytic_ehvi,3,163.43545532226562,200.35252380371094,200.35252380371094,1.0,0.0
KIT,43,upper_bound,analytic_ehvi,4,163.43545532226562,200.79763793945312,200.79763793945312,1.0,0.0
KIT,43,upper_bound,analytic_ehvi,5,163.43545532226562,201.1230010986328,201.1230010986328,1.0,0.0
KIT,43,upper_bound,analytic_ehvi,6,163.43545532226562,201.26560974121094,201.26560974121094,1.0,0.0
KIT,43,upper_bound,analytic_ehvi,7,163.43545532226562,201.3418426513672,201.3418426513672,1.0,0.0
KIT,43,upper_bound,analytic_ehvi,8,163.43545532226562,201.4743194580078,201.4743194580078,1.0,0.0
KIT,43,upper_bound,analytic_ehvi,9,163.43545532226562,201.6778564453125,201.6778564453125,1.0,0.0
KIT,43,upper_bound,analytic_ehvi,10,163.43545532226562,201.9605255126953,201.9605255126953,1.0,0.0
KIT,43,analytic_ehvi,analytic_ehvi,10,163.43545532226562,201.9605255126953,201.23838806152344,0.9812553890855398,0.722137451171875
PARP1,43,upper_bound,analytic_ehvi,0,180.8199462890625,180.8199462890625,180.8199462890625,0.0,0.0
PARP1,43,upper_bound,analytic_ehvi,1,180.8199462890625,216.8544464111328,216.8544464111328,1.0,0.0
PARP1,43,upper_bound,analytic_ehvi,2,180.8199462890625,221.15890502929688,221.15890502929688,1.0,0.0
PARP1,43,upper_bound,analytic_ehvi,3,180.8199462890625,223.4732666015625,223.4732666015625,1.0,0.0
PARP1,43,upper_bound,analytic_ehvi,4,180.8199462890625,223.982177734375,223.982177734375,1.0,0.0
PARP1,43,upper_bound,analytic_ehvi,5,180.8199462890625,224.173828125,224.173828125,1.0,0.0
PARP1,43,upper_bound,analytic_ehvi,6,180.8199462890625,224.45953369140625,224.45953369140625,1.0,0.0
PARP1,43,upper_bound,analytic_ehvi,7,180.8199462890625,224.50975036621094,224.50975036621094,1.0,0.0
PARP1,43,upper_bound,analytic_ehvi,8,180.8199462890625,224.80841064453125,224.80841064453125,1.0,0.0
PARP1,43,upper_bound,analytic_ehvi,9,180.8199462890625,225.33270263671875,225.33270263671875,1.0,0.0
PARP1,43,upper_bound,analytic_ehvi,10,180.8199462890625,225.93359375,225.93359375,1.0,0.0
PARP1,43,analytic_ehvi,analytic_ehvi,10,180.8199462890625,225.93359375,222.9326019287109,0.9334792908534484,3.000991821289091
ESR2,44,upper_bound,analytic_ehvi,0,152.67543029785156,152.67543029785156,152.67543029785156,0.0,0.0
ESR2,44,upper_bound,analytic_ehvi,1,152.67543029785156,185.36387634277344,185.36387634277344,1.0,0.0
ESR2,44,upper_bound,analytic_ehvi,2,152.67543029785156,187.86514282226562,187.86514282226562,1.0,0.0
ESR2,44,upper_bound,analytic_ehvi,3,152.67543029785156,189.82940673828125,189.82940673828125,1.0,0.0
ESR2,44,upper_bound,analytic_ehvi,4,152.67543029785156,190.75418090820312,190.75418090820312,1.0,0.0
ESR2,44,upper_bound,analytic_ehvi,5,152.67543029785156,192.48825073242188,192.48825073242188,1.0,0.0
ESR2,44,upper_bound,analytic_ehvi,6,152.67543029785156,195.23214721679688,195.23214721679688,1.0,0.0
ESR2,44,upper_bound,analytic_ehvi,7,152.67543029785156,197.01052856445312,197.01052856445312,1.0,0.0
ESR2,44,upper_bound,analytic_ehvi,8,152.67543029785156,197.09982299804688,197.09982299804688,1.0,0.0
ESR2,44,upper_bound,analytic_ehvi,9,152.67543029785156,197.3465576171875,197.3465576171875,1.0,0.0
ESR2,44,upper_bound,analytic_ehvi,10,152.67543029785156,197.38526916503906,197.38526916503906,1.0,0.0
ESR2,44,analytic_ehvi,analytic_ehvi,10,152.67543029785156,197.38526916503906,196.2271881103516,0.9740978477214467,1.1580810546874716
F2,44,upper_bound,analytic_ehvi,0,156.98765563964844,156.98765563964844,156.98765563964844,0.0,0.0
F2,44,upper_bound,analytic_ehvi,1,156.98765563964844,188.6893768310547,188.6893768310547,1.0,0.0
F2,44,upper_bound,analytic_ehvi,2,156.98765563964844,189.19117736816406,189.19117736816406,1.0,0.0
F2,44,upper_bound,analytic_ehvi,3,156.98765563964844,192.595703125,192.595703125,1.0,0.0
F2,44,upper_bound,analytic_ehvi,4,156.98765563964844,194.59799194335938,194.59799194335938,1.0,0.0
F2,44,upper_bound,analytic_ehvi,5,156.98765563964844,195.294921875,195.294921875,1.0,0.0
F2,44,upper_bound,analytic_ehvi,6,156.98765563964844,197.6814727783203,197.6814727783203,1.0,0.0
F2,44,upper_bound,analytic_ehvi,7,156.98765563964844,198.29681396484375,198.29681396484375,1.0,0.0
F2,44,upper_bound,analytic_ehvi,8,156.98765563964844,198.5185089111328,198.5185089111328,1.0,0.0
F2,44,upper_bound,analytic_ehvi,9,156.98765563964844,198.53485107421875,198.53485107421875,1.0,0.0
F2,44,upper_bound,analytic_ehvi,10,156.98765563964844,198.732666015625,198.732666015625,1.0,0.0
F2,44,analytic_ehvi,analytic_ehvi,10,156.98765563964844,198.732666015625,198.58660888671875,0.9965012075074174,0.14605712890625
JAK2,44,upper_bound,analytic_ehvi,0,173.52767944335938,173.52767944335938,173.52767944335938,0.0,0.0
JAK2,44,upper_bound,analytic_ehvi,1,173.52767944335938,204.48382568359375,204.48382568359375,1.0,0.0
JAK2,44,upper_bound,analytic_ehvi,2,173.52767944335938,204.7156982421875,204.7156982421875,1.0,0.0
JAK2,44,upper_bound,analytic_ehvi,3,173.52767944335938,204.89663696289062,204.89663696289062,1.0,0.0
JAK2,44,upper_bound,analytic_ehvi,4,173.52767944335938,207.3558349609375,207.3558349609375,1.0,0.0
JAK2,44,upper_bound,analytic_ehvi,5,173.52767944335938,207.48672485351562,207.48672485351562,1.0,0.0
JAK2,44,upper_bound,analytic_ehvi,6,173.52767944335938,207.58956909179688,207.58956909179688,1.0,0.0
JAK2,44,upper_bound,analytic_ehvi,7,173.52767944335938,208.88597106933594,208.88597106933594,1.0,0.0
JAK2,44,upper_bound,analytic_ehvi,8,173.52767944335938,208.94808959960938,208.94808959960938,1.0,0.0
JAK2,44,upper_bound,analytic_ehvi,9,173.52767944335938,209.12966918945312,209.12966918945312,1.0,0.0
JAK2,44,upper_bound,analytic_ehvi,10,173.52767944335938,209.2587127685547,209.2587127685547,1.0,0.0
JAK2,44,analytic_ehvi,analytic_ehvi,10,173.52767944335938,209.2587127685547,208.9520568847656,0.9914176597973489,0.3066558837890909
KIT,44,upper_bound,analytic_ehvi,0,165.4602813720703,165.4602813720703,165.4602813720703,0.0,0.0
KIT,44,upper_bound,analytic_ehvi,1,165.4602813720703,193.6705780029297,193.6705780029297,1.0,0.0
KIT,44,upper_bound,analytic_ehvi,2,165.4602813720703,202.33042907714844,202.33042907714844,1.0,0.0
KIT,44,upper_bound,analytic_ehvi,3,165.4602813720703,202.77723693847656,202.77723693847656,1.0,0.0
KIT,44,upper_bound,analytic_ehvi,4,165.4602813720703,203.75039672851562,203.75039672851562,1.0,0.0
KIT,44,upper_bound,analytic_ehvi,5,165.4602813720703,204.15444946289062,204.15444946289062,1.0,0.0
KIT,44,upper_bound,analytic_ehvi,6,165.4602813720703,204.38771057128906,204.38771057128906,1.0,0.0
KIT,44,upper_bound,analytic_ehvi,7,165.4602813720703,204.8268280029297,204.8268280029297,1.0,0.0
KIT,44,upper_bound,analytic_ehvi,8,165.4602813720703,204.9979248046875,204.9979248046875,1.0,0.0
KIT,44,upper_bound,analytic_ehvi,9,165.4602813720703,205.0497283935547,205.0497283935547,1.0,0.0
KIT,44,upper_bound,analytic_ehvi,10,165.4602813720703,208.93673706054688,208.93673706054688,1.0,0.0
KIT,44,analytic_ehvi,analytic_ehvi,10,165.4602813720703,208.93673706054688,208.68722534179688,0.9942609921899376,0.24951171875
PARP1,44,upper_bound,analytic_ehvi,0,186.45716857910156,186.45716857910156,186.45716857910156,0.0,0.0
PARP1,44,upper_bound,analytic_ehvi,1,186.45716857910156,219.29940795898438,219.29940795898438,1.0,0.0
PARP1,44,upper_bound,analytic_ehvi,2,186.45716857910156,221.01708984375,221.01708984375,1.0,0.0
PARP1,44,upper_bound,analytic_ehvi,3,186.45716857910156,222.85227966308594,222.85227966308594,1.0,0.0
PARP1,44,upper_bound,analytic_ehvi,4,186.45716857910156,222.96636962890625,222.96636962890625,1.0,0.0
PARP1,44,upper_bound,analytic_ehvi,5,186.45716857910156,223.50433349609375,223.50433349609375,1.0,0.0
PARP1,44,upper_bound,analytic_ehvi,6,186.45716857910156,223.88291931152344,223.88291931152344,1.0,0.0
PARP1,44,upper_bound,analytic_ehvi,7,186.45716857910156,223.9746551513672,223.9746551513672,1.0,0.0
PARP1,44,upper_bound,analytic_ehvi,8,186.45716857910156,224.02186584472656,224.02186584472656,1.0,0.0
PARP1,44,upper_bound,analytic_ehvi,9,186.45716857910156,227.57838439941406,227.57838439941406,1.0,0.0
PARP1,44,upper_bound,analytic_ehvi,10,186.45716857910156,228.44483947753906,228.44483947753906,1.0,0.0
PARP1,44,analytic_ehvi,analytic_ehvi,10,186.45716857910156,228.44483947753906,227.8434600830078,0.9856772385401918,0.60137939453125
ESR2,42,upper_bound,analytic_pomhi,0,152.30740356445312,152.30740356445312,152.30740356445312,0.0,0.0
ESR2,42,upper_bound,analytic_pomhi,1,152.30740356445312,190.34532165527344,190.34532165527344,1.0,0.0
ESR2,42,upper_bound,analytic_pomhi,2,152.30740356445312,190.99220275878906,190.99220275878906,1.0,0.0
ESR2,42,upper_bound,analytic_pomhi,3,152.30740356445312,193.05113220214844,193.05113220214844,1.0,0.0
ESR2,42,upper_bound,analytic_pomhi,4,152.30740356445312,193.923583984375,193.923583984375,1.0,0.0
ESR2,42,upper_bound,analytic_pomhi,5,152.30740356445312,195.08409118652344,195.08409118652344,1.0,0.0
ESR2,42,upper_bound,analytic_pomhi,6,152.30740356445312,195.26646423339844,195.26646423339844,1.0,0.0
ESR2,42,upper_bound,analytic_pomhi,7,152.30740356445312,195.2821807861328,195.2821807861328,1.0,0.0
ESR2,42,upper_bound,analytic_pomhi,8,152.30740356445312,195.37794494628906,195.37794494628906,1.0,0.0
ESR2,42,upper_bound,analytic_pomhi,9,152.30740356445312,196.53543090820312,196.53543090820312,1.0,0.0
ESR2,42,upper_bound,analytic_pomhi,10,152.30740356445312,196.7374725341797,196.7374725341797,1.0,0.0
ESR2,42,analytic_pomhi,analytic_pomhi,10,152.30740356445312,196.7374725341797,195.99522399902344,0.9832940044351046,0.74224853515625
F2,42,upper_bound,analytic_pomhi,0,157.5509490966797,157.5509490966797,157.5509490966797,0.0,0.0
F2,42,upper_bound,analytic_pomhi,1,157.5509490966797,187.0118408203125,187.0118408203125,1.0,0.0
F2,42,upper_bound,analytic_pomhi,2,157.5509490966797,190.31993103027344,190.31993103027344,1.0,0.0
F2,42,upper_bound,analytic_pomhi,3,157.5509490966797,192.62075805664062,192.62075805664062,1.0,0.0
F2,42,upper_bound,analytic_pomhi,4,157.5509490966797,195.65719604492188,195.65719604492188,1.0,0.0
F2,42,upper_bound,analytic_pomhi,5,157.5509490966797,196.04293823242188,196.04293823242188,1.0,0.0
F2,42,upper_bound,analytic_pomhi,6,157.5509490966797,196.15225219726562,196.15225219726562,1.0,0.0
F2,42,upper_bound,analytic_pomhi,7,157.5509490966797,196.28953552246094,196.28953552246094,1.0,0.0
F2,42,upper_bound,analytic_pomhi,8,157.5509490966797,197.7084197998047,197.7084197998047,1.0,0.0
F2,42,upper_bound,analytic_pomhi,9,157.5509490966797,197.83447265625,197.83447265625,1.0,0.0
F2,42,upper_bound,analytic_pomhi,10,157.5509490966797,197.85562133789062,197.85562133789062,1.0,0.0
F2,42,analytic_pomhi,analytic_pomhi,10,157.5509490966797,197.85562133789062,197.43826293945312,0.9896449127302229,0.4173583984375
JAK2,42,upper_bound,analytic_pomhi,0,173.16220092773438,173.16220092773438,173.16220092773438,0.0,0.0
JAK2,42,upper_bound,analytic_pomhi,1,173.16220092773438,201.4697265625,201.4697265625,1.0,0.0
JAK2,42,upper_bound,analytic_pomhi,2,173.16220092773438,202.075927734375,202.075927734375,1.0,0.0
JAK2,42,upper_bound,analytic_pomhi,3,173.16220092773438,202.88941955566406,202.88941955566406,1.0,0.0
JAK2,42,upper_bound,analytic_pomhi,4,173.16220092773438,203.72879028320312,203.72879028320312,1.0,0.0
JAK2,42,upper_bound,analytic_pomhi,5,173.16220092773438,203.92938232421875,203.92938232421875,1.0,0.0
JAK2,42,upper_bound,analytic_pomhi,6,173.16220092773438,206.72120666503906,206.72120666503906,1.0,0.0
JAK2,42,upper_bound,analytic_pomhi,7,173.16220092773438,207.31011962890625,207.31011962890625,1.0,0.0
JAK2,42,upper_bound,analytic_pomhi,8,173.16220092773438,207.74351501464844,207.74351501464844,1.0,0.0
JAK2,42,upper_bound,analytic_pomhi,9,173.16220092773438,208.77101135253906,208.77101135253906,1.0,0.0
JAK2,42,upper_bound,analytic_pomhi,10,173.16220092773438,209.01612854003906,209.01612854003906,1.0,0.0
JAK2,42,analytic_pomhi,analytic_pomhi,10,173.16220092773438,209.01612854003906,208.867431640625,0.9958527026377152,0.1486968994140625
KIT,42,upper_bound,analytic_pomhi,0,169.91256713867188,169.91256713867188,169.91256713867188,0.0,0.0
KIT,42,upper_bound,analytic_pomhi,1,169.91256713867188,194.794921875,194.794921875,1.0,0.0
KIT,42,upper_bound,analytic_pomhi,2,169.91256713867188,197.64321899414062,197.64321899414062,1.0,0.0
KIT,42,upper_bound,analytic_pomhi,3,169.91256713867188,197.83729553222656,197.83729553222656,1.0,0.0
KIT,42,upper_bound,analytic_pomhi,4,169.91256713867188,200.8884735107422,200.8884735107422,1.0,0.0
KIT,42,upper_bound,analytic_pomhi,5,169.91256713867188,202.85110473632812,202.85110473632812,1.0,0.0
KIT,42,upper_bound,analytic_pomhi,6,169.91256713867188,203.0100555419922,203.0100555419922,1.0,0.0
KIT,42,upper_bound,analytic_pomhi,7,169.91256713867188,204.9955596923828,204.9955596923828,1.0,0.0
KIT,42,upper_bound,analytic_pomhi,8,169.91256713867188,205.16607666015625,205.16607666015625,1.0,0.0
KIT,42,upper_bound,analytic_pomhi,9,169.91256713867188,205.23948669433594,205.23948669433594,1.0,0.0
KIT,42,upper_bound,analytic_pomhi,10,169.91256713867188,207.1690673828125,207.1690673828125,1.0,0.0
KIT,42,analytic_pomhi,analytic_pomhi,10,169.91256713867188,207.1690673828125,207.07481384277344,0.9974701450908856,0.0942535400390625
PARP1,42,upper_bound,analytic_pomhi,0,178.72640991210938,178.72640991210938,178.72640991210938,0.0,0.0
PARP1,42,upper_bound,analytic_pomhi,1,178.72640991210938,215.4471893310547,215.4471893310547,1.0,0.0
PARP1,42,upper_bound,analytic_pomhi,2,178.72640991210938,218.7353973388672,218.7353973388672,1.0,0.0
PARP1,42,upper_bound,analytic_pomhi,3,178.72640991210938,219.93775939941406,219.93775939941406,1.0,0.0
PARP1,42,upper_bound,analytic_pomhi,4,178.72640991210938,220.59500122070312,220.59500122070312,1.0,0.0
PARP1,42,upper_bound,analytic_pomhi,5,178.72640991210938,220.84017944335938,220.84017944335938,1.0,0.0
PARP1,42,upper_bound,analytic_pomhi,6,178.72640991210938,221.1862030029297,221.1862030029297,1.0,0.0
PARP1,42,upper_bound,analytic_pomhi,7,178.72640991210938,223.58139038085938,223.58139038085938,1.0,0.0
PARP1,42,upper_bound,analytic_pomhi,8,178.72640991210938,223.7423095703125,223.7423095703125,1.0,0.0
PARP1,42,upper_bound,analytic_pomhi,9,178.72640991210938,223.8248291015625,223.8248291015625,1.0,0.0
PARP1,42,upper_bound,analytic_pomhi,10,178.72640991210938,223.91311645507812,223.91311645507812,1.0,0.0
PARP1,42,analytic_pomhi,analytic_pomhi,10,178.72640991210938,223.91311645507812,222.995834350586,0.9797001778914807,0.9172821044921307
ESR2,43,upper_bound,analytic_pomhi,0,148.5709228515625,148.5709228515625,148.5709228515625,0.0,0.0
ESR2,43,upper_bound,analytic_pomhi,1,148.5709228515625,187.1979217529297,187.1979217529297,1.0,0.0
ESR2,43,upper_bound,analytic_pomhi,2,148.5709228515625,190.1638946533203,190.1638946533203,1.0,0.0
ESR2,43,upper_bound,analytic_pomhi,3,148.5709228515625,190.4430389404297,190.4430389404297,1.0,0.0
ESR2,43,upper_bound,analytic_pomhi,4,148.5709228515625,190.61727905273438,190.61727905273438,1.0,0.0
ESR2,43,upper_bound,analytic_pomhi,5,148.5709228515625,191.6148223876953,191.6148223876953,1.0,0.0
ESR2,43,upper_bound,analytic_pomhi,6,148.5709228515625,194.7945556640625,194.7945556640625,1.0,0.0
ESR2,43,upper_bound,analytic_pomhi,7,148.5709228515625,194.88278198242188,194.88278198242188,1.0,0.0
ESR2,43,upper_bound,analytic_pomhi,8,148.5709228515625,194.8848419189453,194.8848419189453,1.0,0.0
ESR2,43,upper_bound,analytic_pomhi,9,148.5709228515625,195.13641357421875,195.13641357421875,1.0,0.0
ESR2,43,upper_bound,analytic_pomhi,10,148.5709228515625,196.3523406982422,196.3523406982422,1.0,0.0
ESR2,43,analytic_pomhi,analytic_pomhi,10,148.5709228515625,196.3523406982422,192.63787841796875,0.9222613633569362,3.7144622802734375
F2,43,upper_bound,analytic_pomhi,0,155.98800659179688,155.98800659179688,155.98800659179688,0.0,0.0
F2,43,upper_bound,analytic_pomhi,1,155.98800659179688,188.29371643066406,188.29371643066406,1.0,0.0
F2,43,upper_bound,analytic_pomhi,2,155.98800659179688,191.4051513671875,191.4051513671875,1.0,0.0
F2,43,upper_bound,analytic_pomhi,3,155.98800659179688,193.37954711914062,193.37954711914062,1.0,0.0
F2,43,upper_bound,analytic_pomhi,4,155.98800659179688,193.4705352783203,193.4705352783203,1.0,0.0
F2,43,upper_bound,analytic_pomhi,5,155.98800659179688,194.78689575195312,194.78689575195312,1.0,0.0
F2,43,upper_bound,analytic_pomhi,6,155.98800659179688,194.84259033203125,194.84259033203125,1.0,0.0
F2,43,upper_bound,analytic_pomhi,7,155.98800659179688,196.7744140625,196.7744140625,1.0,0.0
F2,43,upper_bound,analytic_pomhi,8,155.98800659179688,197.56478881835938,197.56478881835938,1.0,0.0
F2,43,upper_bound,analytic_pomhi,9,155.98800659179688,197.56919860839844,197.56919860839844,1.0,0.0
F2,43,upper_bound,analytic_pomhi,10,155.98800659179688,198.05996704101562,198.05996704101562,1.0,0.0
F2,43,analytic_pomhi,analytic_pomhi,10,155.98800659179688,198.05996704101562,197.09344482421875,0.9770269270441182,0.966522216796875
JAK2,43,upper_bound,analytic_pomhi,0,172.6520538330078,172.6520538330078,172.6520538330078,0.0,0.0
JAK2,43,upper_bound,analytic_pomhi,1,172.6520538330078,201.39183044433594,201.39183044433594,1.0,0.0
JAK2,43,upper_bound,analytic_pomhi,2,172.6520538330078,204.1443328857422,204.1443328857422,1.0,0.0
JAK2,43,upper_bound,analytic_pomhi,3,172.6520538330078,204.32794189453125,204.32794189453125,1.0,0.0
JAK2,43,upper_bound,analytic_pomhi,4,172.6520538330078,204.5674591064453,204.5674591064453,1.0,0.0
JAK2,43,upper_bound,analytic_pomhi,5,172.6520538330078,206.26840209960938,206.26840209960938,1.0,0.0
JAK2,43,upper_bound,analytic_pomhi,6,172.6520538330078,208.6012725830078,208.6012725830078,1.0,0.0
JAK2,43,upper_bound,analytic_pomhi,7,172.6520538330078,208.71682739257812,208.71682739257812,1.0,0.0
JAK2,43,upper_bound,analytic_pomhi,8,172.6520538330078,210.05575561523438,210.05575561523438,1.0,0.0
JAK2,43,upper_bound,analytic_pomhi,9,172.6520538330078,210.13226318359375,210.13226318359375,1.0,0.0
JAK2,43,upper_bound,analytic_pomhi,10,172.6520538330078,211.7212371826172,211.7212371826172,1.0,0.0
JAK2,43,analytic_pomhi,analytic_pomhi,10,172.6520538330078,211.7212371826172,209.36257934570312,0.939628688529072,2.3586578369140625
KIT,43,upper_bound,analytic_pomhi,0,163.43545532226562,163.43545532226562,163.43545532226562,0.0,0.0
KIT,43,upper_bound,analytic_pomhi,1,163.43545532226562,196.5863494873047,196.5863494873047,1.0,0.0
KIT,43,upper_bound,analytic_pomhi,2,163.43545532226562,200.00477600097656,200.00477600097656,1.0,0.0
KIT,43,upper_bound,analytic_pomhi,3,163.43545532226562,200.35252380371094,200.35252380371094,1.0,0.0
KIT,43,upper_bound,analytic_pomhi,4,163.43545532226562,200.79763793945312,200.79763793945312,1.0,0.0
KIT,43,upper_bound,analytic_pomhi,5,163.43545532226562,201.1230010986328,201.1230010986328,1.0,0.0
KIT,43,upper_bound,analytic_pomhi,6,163.43545532226562,201.26560974121094,201.26560974121094,1.0,0.0
KIT,43,upper_bound,analytic_pomhi,7,163.43545532226562,201.3418426513672,201.3418426513672,1.0,0.0
KIT,43,upper_bound,analytic_pomhi,8,163.43545532226562,201.4743194580078,201.4743194580078,1.0,0.0
KIT,43,upper_bound,analytic_pomhi,9,163.43545532226562,201.6778564453125,201.6778564453125,1.0,0.0
KIT,43,upper_bound,analytic_pomhi,10,163.43545532226562,201.9605255126953,201.9605255126953,1.0,0.0
KIT,43,analytic_pomhi,analytic_pomhi,10,163.43545532226562,201.9605255126953,201.0122833251953,0.9753863605487847,0.9482421875
PARP1,43,upper_bound,analytic_pomhi,0,180.8199462890625,180.8199462890625,180.8199462890625,0.0,0.0
PARP1,43,upper_bound,analytic_pomhi,1,180.8199462890625,216.8544464111328,216.8544464111328,1.0,0.0
PARP1,43,upper_bound,analytic_pomhi,2,180.8199462890625,221.15890502929688,221.15890502929688,1.0,0.0
PARP1,43,upper_bound,analytic_pomhi,3,180.8199462890625,223.4732666015625,223.4732666015625,1.0,0.0
PARP1,43,upper_bound,analytic_pomhi,4,180.8199462890625,223.982177734375,223.982177734375,1.0,0.0
PARP1,43,upper_bound,analytic_pomhi,5,180.8199462890625,224.173828125,224.173828125,1.0,0.0
PARP1,43,upper_bound,analytic_pomhi,6,180.8199462890625,224.45953369140625,224.45953369140625,1.0,0.0
PARP1,43,upper_bound,analytic_pomhi,7,180.8199462890625,224.50975036621094,224.50975036621094,1.0,0.0
PARP1,43,upper_bound,analytic_pomhi,8,180.8199462890625,224.80841064453125,224.80841064453125,1.0,0.0
PARP1,43,upper_bound,analytic_pomhi,9,180.8199462890625,225.33270263671875,225.33270263671875,1.0,0.0
PARP1,43,upper_bound,analytic_pomhi,10,180.8199462890625,225.93359375,225.93359375,1.0,0.0
PARP1,43,analytic_pomhi,analytic_pomhi,10,180.8199462890625,225.93359375,222.0297698974609,0.913466898106182,3.903823852539091
ESR2,44,upper_bound,analytic_pomhi,0,152.67543029785156,152.67543029785156,152.67543029785156,0.0,0.0
ESR2,44,upper_bound,analytic_pomhi,1,152.67543029785156,185.36387634277344,185.36387634277344,1.0,0.0
ESR2,44,upper_bound,analytic_pomhi,2,152.67543029785156,187.86514282226562,187.86514282226562,1.0,0.0
ESR2,44,upper_bound,analytic_pomhi,3,152.67543029785156,189.82940673828125,189.82940673828125,1.0,0.0
ESR2,44,upper_bound,analytic_pomhi,4,152.67543029785156,190.75418090820312,190.75418090820312,1.0,0.0
ESR2,44,upper_bound,analytic_pomhi,5,152.67543029785156,192.48825073242188,192.48825073242188,1.0,0.0
ESR2,44,upper_bound,analytic_pomhi,6,152.67543029785156,195.23214721679688,195.23214721679688,1.0,0.0
ESR2,44,upper_bound,analytic_pomhi,7,152.67543029785156,197.01052856445312,197.01052856445312,1.0,0.0
ESR2,44,upper_bound,analytic_pomhi,8,152.67543029785156,197.09982299804688,197.09982299804688,1.0,0.0
ESR2,44,upper_bound,analytic_pomhi,9,152.67543029785156,197.3465576171875,197.3465576171875,1.0,0.0
ESR2,44,upper_bound,analytic_pomhi,10,152.67543029785156,197.38526916503906,197.38526916503906,1.0,0.0
ESR2,44,analytic_pomhi,analytic_pomhi,10,152.67543029785156,197.38526916503906,196.21731567382807,0.9738770364464866,1.1679534912109943
F2,44,upper_bound,analytic_pomhi,0,156.98765563964844,156.98765563964844,156.98765563964844,0.0,0.0
F2,44,upper_bound,analytic_pomhi,1,156.98765563964844,188.6893768310547,188.6893768310547,1.0,0.0
F2,44,upper_bound,analytic_pomhi,2,156.98765563964844,189.19117736816406,189.19117736816406,1.0,0.0
F2,44,upper_bound,analytic_pomhi,3,156.98765563964844,192.595703125,192.595703125,1.0,0.0
F2,44,upper_bound,analytic_pomhi,4,156.98765563964844,194.59799194335938,194.59799194335938,1.0,0.0
F2,44,upper_bound,analytic_pomhi,5,156.98765563964844,195.294921875,195.294921875,1.0,0.0
F2,44,upper_bound,analytic_pomhi,6,156.98765563964844,197.6814727783203,197.6814727783203,1.0,0.0
F2,44,upper_bound,analytic_pomhi,7,156.98765563964844,198.29681396484375,198.29681396484375,1.0,0.0
F2,44,upper_bound,analytic_pomhi,8,156.98765563964844,198.5185089111328,198.5185089111328,1.0,0.0
F2,44,upper_bound,analytic_pomhi,9,156.98765563964844,198.53485107421875,198.53485107421875,1.0,0.0
F2,44,upper_bound,analytic_pomhi,10,156.98765563964844,198.732666015625,198.732666015625,1.0,0.0
F2,44,analytic_pomhi,analytic_pomhi,10,156.98765563964844,198.732666015625,198.51986694335932,0.9949024070098652,0.21279907226568184
JAK2,44,upper_bound,analytic_pomhi,0,173.52767944335938,173.52767944335938,173.52767944335938,0.0,0.0
JAK2,44,upper_bound,analytic_pomhi,1,173.52767944335938,204.48382568359375,204.48382568359375,1.0,0.0
JAK2,44,upper_bound,analytic_pomhi,2,173.52767944335938,204.7156982421875,204.7156982421875,1.0,0.0
JAK2,44,upper_bound,analytic_pomhi,3,173.52767944335938,204.89663696289062,204.89663696289062,1.0,0.0
JAK2,44,upper_bound,analytic_pomhi,4,173.52767944335938,207.3558349609375,207.3558349609375,1.0,0.0
JAK2,44,upper_bound,analytic_pomhi,5,173.52767944335938,207.48672485351562,207.48672485351562,1.0,0.0
JAK2,44,upper_bound,analytic_pomhi,6,173.52767944335938,207.58956909179688,207.58956909179688,1.0,0.0
JAK2,44,upper_bound,analytic_pomhi,7,173.52767944335938,208.88597106933594,208.88597106933594,1.0,0.0
JAK2,44,upper_bound,analytic_pomhi,8,173.52767944335938,208.94808959960938,208.94808959960938,1.0,0.0
JAK2,44,upper_bound,analytic_pomhi,9,173.52767944335938,209.12966918945312,209.12966918945312,1.0,0.0
JAK2,44,upper_bound,analytic_pomhi,10,173.52767944335938,209.2587127685547,209.2587127685547,1.0,0.0
JAK2,44,analytic_pomhi,analytic_pomhi,10,173.52767944335938,209.2587127685547,208.8498077392578,0.988556025638124,0.408905029296875
KIT,44,upper_bound,analytic_pomhi,0,165.4602813720703,165.4602813720703,165.4602813720703,0.0,0.0
KIT,44,upper_bound,analytic_pomhi,1,165.4602813720703,193.6705780029297,193.6705780029297,1.0,0.0
KIT,44,upper_bound,analytic_pomhi,2,165.4602813720703,202.33042907714844,202.33042907714844,1.0,0.0
KIT,44,upper_bound,analytic_pomhi,3,165.4602813720703,202.77723693847656,202.77723693847656,1.0,0.0
KIT,44,upper_bound,analytic_pomhi,4,165.4602813720703,203.75039672851562,203.75039672851562,1.0,0.0
KIT,44,upper_bound,analytic_pomhi,5,165.4602813720703,204.15444946289062,204.15444946289062,1.0,0.0
KIT,44,upper_bound,analytic_pomhi,6,165.4602813720703,204.38771057128906,204.38771057128906,1.0,0.0
KIT,44,upper_bound,analytic_pomhi,7,165.4602813720703,204.8268280029297,204.8268280029297,1.0,0.0
KIT,44,upper_bound,analytic_pomhi,8,165.4602813720703,204.9979248046875,204.9979248046875,1.0,0.0
KIT,44,upper_bound,analytic_pomhi,9,165.4602813720703,205.0497283935547,205.0497283935547,1.0,0.0
KIT,44,upper_bound,analytic_pomhi,10,165.4602813720703,208.93673706054688,208.93673706054688,1.0,0.0
KIT,44,analytic_pomhi,analytic_pomhi,10,165.4602813720703,208.93673706054688,207.9987945556641,0.9784264266709445,0.9379425048827841
PARP1,44,upper_bound,analytic_pomhi,0,186.45716857910156,186.45716857910156,186.45716857910156,0.0,0.0
PARP1,44,upper_bound,analytic_pomhi,1,186.45716857910156,219.29940795898438,219.29940795898438,1.0,0.0
PARP1,44,upper_bound,analytic_pomhi,2,186.45716857910156,221.01708984375,221.01708984375,1.0,0.0
PARP1,44,upper_bound,analytic_pomhi,3,186.45716857910156,222.85227966308594,222.85227966308594,1.0,0.0
PARP1,44,upper_bound,analytic_pomhi,4,186.45716857910156,222.96636962890625,222.96636962890625,1.0,0.0
PARP1,44,upper_bound,analytic_pomhi,5,186.45716857910156,223.50433349609375,223.50433349609375,1.0,0.0
PARP1,44,upper_bound,analytic_pomhi,6,186.45716857910156,223.88291931152344,223.88291931152344,1.0,0.0
PARP1,44,upper_bound,analytic_pomhi,7,186.45716857910156,223.9746551513672,223.9746551513672,1.0,0.0
PARP1,44,upper_bound,analytic_pomhi,8,186.45716857910156,224.02186584472656,224.02186584472656,1.0,0.0
PARP1,44,upper_bound,analytic_pomhi,9,186.45716857910156,227.57838439941406,227.57838439941406,1.0,0.0
PARP1,44,upper_bound,analytic_pomhi,10,186.45716857910156,228.44483947753906,228.44483947753906,1.0,0.0
PARP1,44,analytic_pomhi,analytic_pomhi,10,186.45716857910156,228.44483947753906,227.5963592529297,0.9797921578774461,0.848480224609375
