seed,target,method,round,candidate_n,selected_n,init_pool_n,hv,best_dock,mean_selected_dock,threshold_rate,train_seconds,score_seconds,labeled_n,unlabeled_n,candidate_test_n,candidate_test_rmse,candidate_test_mae,candidate_test_r2,candidate_test_nll,candidate_test_spearman,candidate_test_kendall,candidate_test_cov1,candidate_test_cov2,candidate_test_mean_std,candidate_test_std_error_spearman,source_path,greedy_final_hv,greedy_round_hv,delta_vs_greedy_final_hv,delta_vs_greedy_round_hv
42,ESR2,greedy_mean,10,2000,100,500,190.29391479492188,-11.7,-8.947000000000001,0.01,280.13810730725527,7.541121918708086,1500,239651,2000,0.7562913537000512,0.5937980144023896,0.3172651400039767,1.1190219674006054,0.5357778979517763,0.3830908996028787,0.691,0.96,0.7620775124132633,0.1794510224973439,runs/dockstring_full_nig/seed42/ESR2/greedy_mean/trajectory.csv,190.29391479492188,190.29391479492188,0.0,0.0
42,ESR2,analytic_ehvi,10,2000,100,500,196.3111724853516,-11.7,-8.656,0.0,264.5694239549339,3.1489326246082783,1500,239651,2000,0.7566502462210287,0.5865893005371093,0.3166170126068078,1.1140075529688411,0.5493286117695049,0.3951883706584293,0.731,0.9655,0.796954130411148,0.2166820981705245,runs/dockstring_full_nig/seed42/ESR2/analytic_ehvi/trajectory.csv,190.29391479492188,190.29391479492188,6.017257690429716,6.017257690429716
42,ESR2,analytic_pomhi,10,2000,100,500,194.0295562744141,-11.7,-8.527000000000001,0.03,267.1025594584644,16.363533664494753,1500,239651,2000,0.7519402399060154,0.5906906793117523,0.3250983953341974,1.1200987221359036,0.5580930155799477,0.3995790758129082,0.699,0.9625,0.770085924744606,0.137807740451935,runs/dockstring_full_nig/seed42/ESR2/analytic_pomhi/trajectory.csv,190.29391479492188,190.29391479492188,3.735641479492216,3.735641479492216
42,ESR2,qnehvi_mc,10,2000,100,500,195.61558532714844,-11.7,-8.5,0.02,265.1272116601467,9.18975706771016,1500,239651,2000,0.7723699488114446,0.5957947832107544,0.2879269593666194,1.1317921408685574,0.5509771173768359,0.3941144289502283,0.6965,0.949,0.7607874054014683,0.2086667966666991,runs/dockstring_full_nig/seed42/ESR2/qnehvi_mc/trajectory.csv,190.29391479492188,190.29391479492188,5.3216705322265625,5.3216705322265625
42,ESR2,qnparego_mc,10,2000,100,500,194.88011169433597,-11.7,-8.328999999999999,0.0,261.868834041059,3.1820378452539444,1500,239651,2000,0.7503359823840694,0.5790538806915283,0.3279751159463344,1.1070427899439772,0.5696716980738428,0.4119491951332161,0.668,0.936,0.7097564392834902,0.2030564234163981,runs/dockstring_full_nig/seed42/ESR2/qnparego_mc/trajectory.csv,190.29391479492188,190.29391479492188,4.586196899414091,4.586196899414091
42,ESR2,random,10,2000,100,500,181.59127807617188,-11.2,-7.786000000000001,0.0,128.37778175622225,3.0565445758402348,1500,239651,2000,0.7666434844633159,0.5990681083202362,0.2984466454266117,1.1226977133089773,0.5243632752278906,0.3758196501302068,0.699,0.958,0.7795394830107689,0.2268921102230275,runs/dockstring_full_nig/seed42/ESR2/random/trajectory.csv,190.29391479492188,190.29391479492188,-8.70263671875,-8.70263671875
42,F2,greedy_mean,10,2000,100,500,195.3755645751953,-12.0,-9.717,0.02,279.94035167619586,7.917307671159506,1500,239650,2000,0.5121084922626022,0.4046217250823974,0.7146711436032265,0.7463887940448087,0.829224324018577,0.6494904080895767,0.665,0.945,0.4919587545990944,0.0760370455092613,runs/dockstring_full_nig/seed42/F2/greedy_mean/trajectory.csv,195.3755645751953,195.3755645751953,0.0,0.0
42,F2,analytic_ehvi,10,2000,100,500,197.5277862548828,-12.0,-9.206,0.04,266.6764969602227,3.2357925698161125,1500,239650,2000,0.507876915524548,0.3970365067958831,0.7193670336549207,0.7550694838595029,0.8291180491670338,0.6500324750415214,0.6455,0.9275,0.459602251932025,0.1576773207284592,runs/dockstring_full_nig/seed42/F2/analytic_ehvi/trajectory.csv,195.3755645751953,195.3755645751953,2.1522216796875,2.1522216796875
42,F2,analytic_pomhi,10,2000,100,500,197.0525054931641,-12.0,-9.059,0.01,208.96498581394556,17.4178598895669,1500,239650,2000,0.5304407125670031,0.4186704939842224,0.693877367220693,0.7751864070974183,0.8216205899308713,0.6426736879830904,0.676,0.947,0.5084932270795107,0.1294995428748857,runs/dockstring_full_nig/seed42/F2/analytic_pomhi/trajectory.csv,195.3755645751953,195.3755645751953,1.6769409179687784,1.6769409179687784
42,F2,qnehvi_mc,10,2000,100,500,197.656005859375,-12.0,-8.911999999999999,0.02,260.3372124917805,10.33116725832224,1500,239650,2000,0.502486433353603,0.392534690952301,0.7252925600615066,0.7127620309855645,0.8365850758514168,0.6596089991421032,0.6855,0.948,0.4899075780063867,0.1437599797439049,runs/dockstring_full_nig/seed42/F2/qnehvi_mc/trajectory.csv,195.3755645751953,195.3755645751953,2.2804412841796875,2.2804412841796875
42,F2,qnparego_mc,10,2000,100,500,193.48887634277344,-11.8,-9.318,0.02,265.1104859560728,3.1757837757468224,1500,239650,2000,0.5201392063414515,0.4091796539306641,0.7056521136913034,0.7573066533803435,0.8226876923956952,0.6440926952828612,0.662,0.937,0.48881684114784,0.1264311406077851,runs/dockstring_full_nig/seed42/F2/qnparego_mc/trajectory.csv,195.3755645751953,195.3755645751953,-1.886688232421875,-1.886688232421875
42,F2,random,10,2000,100,500,183.043701171875,-11.8,-8.134,0.0,257.68217526748776,3.1846980080008507,1500,239650,2000,0.501392397447152,0.390131083536148,0.7264874684562141,0.7055922875957078,0.8318951770963819,0.6542156922402805,0.701,0.9615,0.5133468254804611,0.1786710026677506,runs/dockstring_full_nig/seed42/F2/random/trajectory.csv,195.3755645751953,195.3755645751953,-12.331863403320312,-12.331863403320312
42,JAK2,greedy_mean,10,2000,100,500,205.0578155517578,-12.5,-9.83,0.05,273.241833537817,3.072513997554779,1500,239653,2000,0.5876407649850347,0.4471676424503327,0.6338712092674212,0.8392603821416676,0.7991148858355933,0.6185484076338611,0.704,0.9585,0.5862927423268557,0.181751206324115,runs/dockstring_full_nig/seed42/JAK2/greedy_mean/trajectory.csv,205.0578155517578,205.0578155517578,0.0,0.0
42,JAK2,analytic_ehvi,10,2000,100,500,208.28294372558597,-12.5,-9.518,0.14,271.398394305259,3.171446532011032,1500,239653,2000,0.5516574290085008,0.429474011182785,0.6773371299482611,0.8197153514333395,0.8179109824386138,0.6361683150467425,0.694,0.952,0.5592790768295527,0.0946048826512206,runs/dockstring_full_nig/seed42/JAK2/analytic_ehvi/trajectory.csv,205.0578155517578,205.0578155517578,3.2251281738281534,3.2251281738281534
42,JAK2,analytic_pomhi,10,2000,100,500,208.85585021972656,-12.5,-9.481,0.11,271.3714470937848,17.528225261718035,1500,239653,2000,0.5468442555240492,0.4232985061645508,0.6829429905364729,0.7852493813695102,0.8200549734614809,0.6397016625434668,0.714,0.963,0.567889841452241,0.1378289249572312,runs/dockstring_full_nig/seed42/JAK2/analytic_pomhi/trajectory.csv,205.0578155517578,205.0578155517578,3.79803466796875,3.79803466796875
42,JAK2,qnehvi_mc,10,2000,100,500,208.81195068359372,-12.5,-9.389,0.09,265.8643883988261,11.050558000802994,1500,239653,2000,0.5590027179441847,0.4375097562313079,0.6686874483115237,0.8427219645049749,0.801895306999557,0.6190627091220003,0.6825,0.941,0.5605288886576891,0.1299822654955663,runs/dockstring_full_nig/seed42/JAK2/qnehvi_mc/trajectory.csv,205.0578155517578,205.0578155517578,3.754135131835909,3.754135131835909
42,JAK2,qnparego_mc,10,2000,100,500,205.7821502685547,-12.5,-9.541,0.07,264.74927289783955,3.134783875197172,1500,239653,2000,0.5650318426706096,0.4339431729316711,0.6615021635676928,0.8273811174224508,0.8041373511322742,0.625543508695595,0.682,0.935,0.5495323010832072,0.1584712536178134,runs/dockstring_full_nig/seed42/JAK2/qnparego_mc/trajectory.csv,205.0578155517578,205.0578155517578,0.724334716796875,0.724334716796875
42,JAK2,random,10,2000,100,500,201.28570556640625,-12.3,-8.38,0.03,258.7412871979177,2.995828077197075,1500,239653,2000,0.5354790161439884,0.4093332396030426,0.6959850337357324,0.7474328329446016,0.8154466552421052,0.6400054507028149,0.7525,0.9765,0.5900417594313622,0.2327249570185111,runs/dockstring_full_nig/seed42/JAK2/random/trajectory.csv,205.0578155517578,205.0578155517578,-3.7721099853515625,-3.7721099853515625
42,KIT,greedy_mean,10,2000,100,500,202.5345764160156,-12.3,-9.719,0.08,282.13965206593275,8.088487811386585,1500,239650,1999,0.7561576191412025,0.592283629130697,0.5014576807320195,1.144925870152445,0.713155906873309,0.5313096978615524,0.6603301650825413,0.9409704852426212,0.7108168182610392,0.0913148571968528,runs/dockstring_full_nig/seed42/KIT/greedy_mean/trajectory.csv,202.5345764160156,202.5345764160156,0.0,0.0
42,KIT,analytic_ehvi,10,2000,100,500,206.9736785888672,-12.3,-9.235,0.11,263.2775655500591,3.421773925423622,1500,239650,1999,0.6989526323486187,0.5506905701233185,0.5740360414373527,1.0708641555499978,0.7632243852126745,0.5762919806564908,0.6603301650825413,0.9369684842421212,0.6638990008067703,0.0964667206337653,runs/dockstring_full_nig/seed42/KIT/analytic_ehvi/trajectory.csv,202.5345764160156,202.5345764160156,4.439102172851591,4.439102172851591
42,KIT,analytic_pomhi,10,2000,100,500,207.023193359375,-12.3,-9.182,0.11,268.15640549361706,16.63367697969079,1500,239650,1999,0.7911962251848134,0.6210397272362834,0.4541846089965935,1.2298211049620442,0.6911406104272252,0.5109801034905421,0.64032016008004,0.9084542271135568,0.6969495937787276,0.0848772599512969,runs/dockstring_full_nig/seed42/KIT/analytic_pomhi/trajectory.csv,202.5345764160156,202.5345764160156,4.488616943359403,4.488616943359403
42,KIT,qnehvi_mc,10,2000,100,500,206.6927490234375,-12.3,-8.946,0.12,270.4332163184881,9.158909808844328,1500,239650,1999,0.7111516989441988,0.5596380367345843,0.5590372863575914,1.0763079370395188,0.745003756980495,0.5580455232846643,0.6668334167083542,0.9464732366183092,0.6795166841055406,0.1329750528916767,runs/dockstring_full_nig/seed42/KIT/qnehvi_mc/trajectory.csv,202.5345764160156,202.5345764160156,4.158172607421903,4.158172607421903
42,KIT,qnparego_mc,10,2000,100,500,200.54063415527344,-11.5,-8.612,0.05,261.9869913607836,3.3015996366739278,1500,239650,1999,0.7111261231852427,0.5568519933394279,0.5590690032283803,1.1022631901299105,0.759984811374162,0.5742944822914824,0.6698349174587294,0.9429714857428716,0.6911377093534341,0.0811443649752804,runs/dockstring_full_nig/seed42/KIT/qnparego_mc/trajectory.csv,202.5345764160156,202.5345764160156,-1.993942260742159,-1.993942260742159
42,KIT,random,10,2000,100,500,192.0559234619141,-11.4,-8.02,0.02,270.536128025502,3.254305936396122,1500,239650,1999,0.716315282940012,0.5589000548285922,0.5526104878773298,1.0723396541917742,0.7263648225394871,0.5456176270024985,0.7223611805902952,0.9619809904952475,0.7562989416183263,0.1698178473621195,runs/dockstring_full_nig/seed42/KIT/random/trajectory.csv,202.5345764160156,202.5345764160156,-10.478652954101506,-10.478652954101506
42,PARP1,greedy_mean,10,2000,100,500,222.4839782714844,-13.6,-10.891999999999998,0.09,200.99018936231727,8.563447583466768,1500,239649,2000,0.5777359605715612,0.4469857447147369,0.767464653871431,0.8796010475423732,0.8706475615896457,0.6961539531690973,0.7455,0.964,0.6398906446397304,0.0724829821479266,runs/dockstring_full_nig/seed42/PARP1/greedy_mean/trajectory.csv,222.4839782714844,222.4839782714844,0.0,0.0
42,PARP1,analytic_ehvi,10,2000,100,500,223.16864013671875,-13.6,-10.582,0.32,285.74308305606246,3.538855873048305,1500,239649,2000,0.5759916214190639,0.447260658788681,0.7688667067049488,0.8501533666548386,0.8696833731316305,0.6963347330505748,0.718,0.9605,0.59839635181427,0.1416370315685995,runs/dockstring_full_nig/seed42/PARP1/analytic_ehvi/trajectory.csv,222.4839782714844,222.4839782714844,0.6846618652343466,0.6846618652343466
42,PARP1,analytic_pomhi,10,2000,100,500,222.97689819335935,-13.6,-10.621,0.38,288.1925728842616,19.31258758157492,1500,239649,2000,0.5800959374860811,0.4510846421718597,0.7655610199279312,0.8650914723092674,0.8758942551745128,0.702616784786254,0.676,0.939,0.5596161605864763,0.0945101299129737,runs/dockstring_full_nig/seed42/PARP1/analytic_pomhi/trajectory.csv,222.4839782714844,222.4839782714844,0.49291992187494316,0.49291992187494316
42,PARP1,qnehvi_mc,10,2000,100,500,223.25067138671875,-13.6,-10.463,0.39,286.3123774603009,11.471446510404348,1500,239649,2000,0.6135193405692966,0.4590119179725647,0.7377673938247111,0.8803262277059382,0.8708106042299628,0.6956213932641672,0.702,0.9415,0.577760470494628,0.1432490309734129,runs/dockstring_full_nig/seed42/PARP1/qnehvi_mc/trajectory.csv,222.4839782714844,222.4839782714844,0.7666931152343466,0.7666931152343466
42,PARP1,qnparego_mc,10,2000,100,500,221.7099609375,-13.6,-10.576,0.29,286.187116406858,3.5305743701756,1500,239649,2000,0.5836412732400851,0.4352159244060516,0.7626866512818149,0.8215946752647172,0.8788094516735503,0.7078594000377921,0.72,0.9505,0.568146600112319,0.1877177089294272,runs/dockstring_full_nig/seed42/PARP1/qnparego_mc/trajectory.csv,222.4839782714844,222.4839782714844,-0.7740173339844034,-0.7740173339844034
42,PARP1,random,10,2000,100,500,213.7536773681641,-13.6,-9.064,0.1,275.9877637922764,3.4176830053329468,1500,239649,2000,0.534511483343694,0.4126906123638153,0.8009582162085456,0.7661819479327067,0.88452720489489,0.7180239085462792,0.735,0.959,0.5598445256799459,0.185871844537663,runs/dockstring_full_nig/seed42/PARP1/random/trajectory.csv,222.4839782714844,222.4839782714844,-8.730300903320312,-8.730300903320312
43,ESR2,greedy_mean,10,2000,100,500,187.72463989257807,-12.0,-8.972,0.0,287.7288893908262,8.388690635561943,1500,239651,2000,0.761115277753156,0.5964119349479675,0.3226946846626872,1.119203936044101,0.5638316411626378,0.407851844970171,0.678,0.944,0.732459699138999,0.1842606993842726,runs/dockstring_full_nig/seed43/ESR2/greedy_mean/trajectory.csv,187.72463989257807,187.72463989257807,0.0,0.0
43,ESR2,analytic_ehvi,10,2000,100,500,191.2765045166016,-12.0,-8.674,0.02,273.3818350583315,3.1065117828547955,1500,239651,2000,0.75375013113056,0.5848751202106476,0.3357395334915884,1.116794910947878,0.6080496992461007,0.4447876240823837,0.6545,0.926,0.681384685665369,0.1883004035751009,runs/dockstring_full_nig/seed43/ESR2/analytic_ehvi/trajectory.csv,187.72463989257807,187.72463989257807,3.5518646240235228,3.5518646240235228
43,ESR2,analytic_pomhi,10,2000,100,500,192.22689819335935,-12.0,-8.765999999999998,0.03,259.94522577151656,19.09286278486252,1500,239651,2000,0.7453915493289682,0.5822765816688538,0.3503902505379225,1.1094419439118546,0.5881738327472639,0.4259075399561456,0.647,0.935,0.6899499025046826,0.1705066416266604,runs/dockstring_full_nig/seed43/ESR2/analytic_pomhi/trajectory.csv,187.72463989257807,187.72463989257807,4.502258300781278,4.502258300781278
43,ESR2,qnehvi_mc,10,2000,100,500,191.51878356933597,-12.0,-8.752,0.02,274.4806434288621,11.44747157394886,1500,239651,2000,0.7339535066172367,0.5780544916629792,0.3701738268855535,1.0914651327844762,0.5911075719194949,0.4305420084120807,0.657,0.9385,0.6855522160381079,0.1962231505557876,runs/dockstring_full_nig/seed43/ESR2/qnehvi_mc/trajectory.csv,187.72463989257807,187.72463989257807,3.7941436767578978,3.7941436767578978
43,ESR2,qnparego_mc,10,2000,100,500,191.9049072265625,-11.7,-8.82,0.02,263.5259426794946,3.078670274466276,1500,239651,2000,0.7574221760029384,0.593307342863083,0.3292516122273681,1.0886149028744183,0.5646741036708705,0.4140790327800319,0.6475,0.9425,0.6899153771400451,0.3043162706931863,runs/dockstring_full_nig/seed43/ESR2/qnparego_mc/trajectory.csv,187.72463989257807,187.72463989257807,4.180267333984432,4.180267333984432
43,ESR2,random,10,2000,100,500,181.3195343017578,-11.5,-7.832000000000001,0.0,196.93593952804804,3.382834665477276,1500,239651,2000,0.7175092420059528,0.5575007280349731,0.398080235922142,1.0398790213335596,0.6152565174060609,0.451139780788092,0.692,0.955,0.7045624621063471,0.2607046791761698,runs/dockstring_full_nig/seed43/ESR2/random/trajectory.csv,187.72463989257807,187.72463989257807,-6.405105590820256,-6.405105590820256
43,F2,greedy_mean,10,2000,100,500,195.29595947265625,-12.2,-9.759,0.04,283.32919877767563,8.046774189919233,1500,239650,1999,0.5181521846820076,0.4123118547513045,0.6996857253264961,0.7533544562532295,0.8301968036238477,0.6504328093785053,0.6768384192096047,0.9564782391195598,0.5198139285164634,0.103651109338453,runs/dockstring_full_nig/seed43/F2/greedy_mean/trajectory.csv,195.29595947265625,195.29595947265625,0.0,0.0
43,F2,analytic_ehvi,10,2000,100,500,196.21575927734372,-12.2,-9.44,0.04,274.8306766301393,3.3167672008275986,1500,239650,1999,0.506555408673339,0.3999987482487886,0.7129779762752458,0.7361649889054726,0.828685474133374,0.649627484789728,0.6823411705852926,0.9554777388694348,0.5087591875577462,0.0580938082307976,runs/dockstring_full_nig/seed43/F2/analytic_ehvi/trajectory.csv,195.29595947265625,195.29595947265625,0.9197998046874716,0.9197998046874716
43,F2,analytic_pomhi,10,2000,100,500,196.69351196289065,-12.2,-9.418,0.07,238.42911532893777,17.27757042273879,1500,239650,1999,0.5211074840951269,0.4114831232678717,0.6962502497154499,0.7652581471825651,0.8216442378442518,0.6412376701659885,0.6918459229614807,0.9574787393696848,0.5277199647675878,0.0795275393250407,runs/dockstring_full_nig/seed43/F2/analytic_pomhi/trajectory.csv,195.29595947265625,195.29595947265625,1.3975524902344034,1.3975524902344034
43,F2,qnehvi_mc,10,2000,100,500,196.5191650390625,-12.2,-9.248,0.04,280.9193342961371,11.049096670001743,1500,239650,1999,0.5064113175210212,0.3999671350663277,0.7131412415422802,0.7304947841743451,0.8303461525413696,0.651469279233667,0.7003501750875438,0.9609804902451226,0.5264222311818522,0.1190543418248571,runs/dockstring_full_nig/seed43/F2/qnehvi_mc/trajectory.csv,195.29595947265625,195.29595947265625,1.22320556640625,1.22320556640625
43,F2,qnparego_mc,10,2000,100,500,193.976318359375,-12.2,-9.364,0.02,281.7533849515021,3.246489442884922,1500,239650,1999,0.4989407074053988,0.3938894354861757,0.7215423296045603,0.7175652063026394,0.8372120591284662,0.6593988198817842,0.7153576788394197,0.9564782391195598,0.517898081853546,0.1151107595839962,runs/dockstring_full_nig/seed43/F2/qnparego_mc/trajectory.csv,195.29595947265625,195.29595947265625,-1.31964111328125,-1.31964111328125
43,F2,random,10,2000,100,500,182.54568481445312,-12.0,-8.232999999999999,0.0,150.2288958504796,3.3054853938519955,1500,239650,1999,0.4998643183509195,0.3960173486172407,0.7205104450817977,0.7122245153818552,0.83232354713332,0.6548129426030554,0.7133566783391696,0.9659829914957478,0.5293699206710756,0.1510339689364201,runs/dockstring_full_nig/seed43/F2/random/trajectory.csv,195.29595947265625,195.29595947265625,-12.750274658203125,-12.750274658203125
43,JAK2,greedy_mean,10,2000,100,500,210.93438720703125,-12.9,-9.898,0.05,277.6571187786758,7.65241265296936,1500,239653,1998,0.6112936063381754,0.442273784184957,0.6102520454230824,0.844772668797048,0.7853700424627275,0.6133171016847812,0.6976976976976977,0.9474474474474476,0.5518728298199428,0.1710185981858083,runs/dockstring_full_nig/seed43/JAK2/greedy_mean/trajectory.csv,210.93438720703125,210.93438720703125,0.0,0.0
43,JAK2,analytic_ehvi,10,2000,100,500,209.41123962402344,-12.5,-9.462,0.14,268.96313420310616,3.1110144443809986,1500,239653,1998,0.5684817596235551,0.4277948300759713,0.6629322464234815,0.8049241351732308,0.8068201049408397,0.6318987868784575,0.7272272272272272,0.961961961961962,0.5717829924535465,0.1433474034161549,runs/dockstring_full_nig/seed43/JAK2/analytic_ehvi/trajectory.csv,210.93438720703125,210.93438720703125,-1.5231475830078125,-1.5231475830078125
43,JAK2,analytic_pomhi,10,2000,100,500,209.41192626953125,-12.5,-9.423,0.15,270.6491283103824,18.14394801110029,1500,239653,1998,0.5852792725894973,0.4388961185325493,0.6427185848829083,0.8291628393869419,0.7926570958305805,0.6178972167509067,0.7427427427427428,0.960960960960961,0.6048548111805806,0.170956506266625,runs/dockstring_full_nig/seed43/JAK2/analytic_pomhi/trajectory.csv,210.93438720703125,210.93438720703125,-1.5224609375,-1.5224609375
43,JAK2,qnehvi_mc,10,2000,100,500,211.63124084472656,-12.9,-9.457,0.17,267.14247541874647,11.032924495637417,1500,239653,1998,0.5948209410898828,0.4431190231063582,0.6309742790841213,0.8538991344203334,0.7814186073473112,0.6064984801590905,0.7657657657657657,0.968968968968969,0.6511422622281391,0.1842820408734309,runs/dockstring_full_nig/seed43/JAK2/qnehvi_mc/trajectory.csv,210.93438720703125,210.93438720703125,0.6968536376953125,0.6968536376953125
43,JAK2,qnparego_mc,10,2000,100,500,210.54254150390625,-12.9,-9.839999999999998,0.1,264.4871639125049,3.1849347427487373,1500,239653,1998,0.5807789969458789,0.426845456697084,0.6481918124581623,0.7969363255859175,0.7971925269234276,0.6258879908362738,0.6986986986986987,0.9469469469469468,0.5422855343844917,0.2026964383017221,runs/dockstring_full_nig/seed43/JAK2/qnparego_mc/trajectory.csv,210.93438720703125,210.93438720703125,-0.391845703125,-0.391845703125
43,JAK2,random,10,2000,100,500,201.29806518554688,-12.3,-8.517999999999999,0.03,264.1306457333267,3.159443937242031,1500,239653,1998,0.5711945276606161,0.4210604133071365,0.6597076281571777,0.7641734971622755,0.7983355863901787,0.6280240085613943,0.7197197197197197,0.9604604604604604,0.5562879444511087,0.2527052788365217,runs/dockstring_full_nig/seed43/JAK2/random/trajectory.csv,210.93438720703125,210.93438720703125,-9.636322021484375,-9.636322021484375
43,KIT,greedy_mean,10,2000,100,500,197.22967529296875,-12.1,-9.735,0.01,284.1122960187495,7.845710638910532,1500,239650,2000,0.7170240909686705,0.5604930982112885,0.5511996482325434,1.0719692949532464,0.7622629184825485,0.5751583984245264,0.679,0.9465,0.6942580398768187,0.1592485508718559,runs/dockstring_full_nig/seed43/KIT/greedy_mean/trajectory.csv,197.22967529296875,197.22967529296875,0.0,0.0
43,KIT,analytic_ehvi,10,2000,100,500,201.152099609375,-12.1,-9.397,0.03,268.79250555485487,3.1521912775933743,1500,239650,2000,0.6519709967196483,0.5115444841861726,0.6289416182867984,0.9808474745744404,0.7903078959775635,0.6043688996222218,0.7065,0.962,0.6729550194442272,0.1434428070758659,runs/dockstring_full_nig/seed43/KIT/analytic_ehvi/trajectory.csv,197.22967529296875,197.22967529296875,3.92242431640625,3.92242431640625
43,KIT,analytic_pomhi,10,2000,100,500,200.1032257080078,-12.1,-9.258,0.03,270.57442108541727,17.23251348733902,1500,239650,2000,0.7311758240687802,0.5723161590576171,0.533309092122064,1.1011175278724772,0.7316302484259418,0.5458295446497785,0.7015,0.9505,0.7338913756608964,0.1349602672400668,runs/dockstring_full_nig/seed43/KIT/analytic_pomhi/trajectory.csv,197.22967529296875,197.22967529296875,2.8735504150390625,2.8735504150390625
43,KIT,qnehvi_mc,10,2000,100,500,201.24807739257807,-12.1,-9.214999999999998,0.06,275.3262069821358,9.48079752177,1500,239650,2000,0.6984228070046881,0.5424000265598297,0.5741834674578963,1.0450659035103966,0.7761248560893388,0.5874858323478805,0.7075,0.9555,0.709297254472971,0.1448466677659844,runs/dockstring_full_nig/seed43/KIT/qnehvi_mc/trajectory.csv,197.22967529296875,197.22967529296875,4.018402099609318,4.018402099609318
43,KIT,qnparego_mc,10,2000,100,500,199.88619995117188,-12.1,-8.966000000000001,0.05,260.2630762457848,3.1996820122003555,1500,239650,2000,0.7412506500271872,0.5684788987636566,0.520359476924383,1.0921984649559149,0.7448990724720003,0.5593731583254187,0.7405,0.9665,0.7928463754206896,0.1858258739564685,runs/dockstring_full_nig/seed43/KIT/qnparego_mc/trajectory.csv,197.22967529296875,197.22967529296875,2.656524658203125,2.656524658203125
43,KIT,random,10,2000,100,500,192.6026306152344,-12.1,-8.3,0.03,267.3708491176367,3.208651714026928,1500,239650,2000,0.6513656709624801,0.5116175868034362,0.6296303204723112,0.9663302938631734,0.7861730223485868,0.6013566038077441,0.7045,0.9625,0.6684691413342952,0.1829707290612963,runs/dockstring_full_nig/seed43/KIT/random/trajectory.csv,197.22967529296875,197.22967529296875,-4.627044677734347,-4.627044677734347
43,PARP1,greedy_mean,10,2000,100,500,221.1724395751953,-13.4,-10.996999999999998,0.15,289.01766857877374,7.973671186715364,1500,239649,1998,0.5543345847067117,0.4366400689095467,0.7683048319947638,0.8218343538141781,0.8671070827014697,0.692437716423587,0.6616616616616616,0.93993993993994,0.5300576875845829,0.1009009732678026,runs/dockstring_full_nig/seed43/PARP1/greedy_mean/trajectory.csv,221.1724395751953,221.1724395751953,0.0,0.0
43,PARP1,analytic_ehvi,10,2000,100,500,222.0508270263672,-13.4,-10.778000000000002,0.27,280.54677114263177,3.2971634678542614,1500,239649,1998,0.5707164610562763,0.4498135764319617,0.7544082210774551,0.8562489269954744,0.8586083169074226,0.6817663287561022,0.6971971971971972,0.9494494494494494,0.574188435877169,0.0667720962405756,runs/dockstring_full_nig/seed43/PARP1/analytic_ehvi/trajectory.csv,221.1724395751953,221.1724395751953,0.878387451171875,0.878387451171875
43,PARP1,analytic_pomhi,10,2000,100,500,225.74771118164065,-13.7,-10.718000000000002,0.28,281.120222017169,16.68529189005494,1500,239649,1998,0.5785757972033027,0.4545065413485538,0.7475975583769203,0.8790180038078428,0.8584428973086867,0.6819656310150343,0.6431431431431431,0.931931931931932,0.5376404933892451,0.090894362446012,runs/dockstring_full_nig/seed43/PARP1/analytic_pomhi/trajectory.csv,221.1724395751953,221.1724395751953,4.575271606445341,4.575271606445341
43,PARP1,qnehvi_mc,10,2000,100,500,222.0214385986328,-13.4,-10.642000000000005,0.31,279.1634916514158,11.748987328261135,1500,239649,1998,0.5592463078999469,0.4388875302609739,0.7641807368038454,0.8207692195013488,0.870295459652132,0.6976879709537377,0.6741741741741741,0.9444444444444444,0.5448758933875892,0.1271311812784351,runs/dockstring_full_nig/seed43/PARP1/qnehvi_mc/trajectory.csv,221.1724395751953,221.1724395751953,0.8489990234375,0.8489990234375
43,PARP1,qnparego_mc,10,2000,100,500,220.1058349609375,-13.4,-10.754999999999995,0.28,275.94428634643555,3.3273015804588795,1500,239649,1998,0.5736209772191838,0.4483253203593456,0.7519021064516836,0.8482040802577504,0.8606678434034077,0.6845917734105291,0.6751751751751752,0.9444444444444444,0.5510650894066712,0.0991434076902359,runs/dockstring_full_nig/seed43/PARP1/qnparego_mc/trajectory.csv,221.1724395751953,221.1724395751953,-1.0666046142578125,-1.0666046142578125
43,PARP1,random,10,2000,100,500,212.1599273681641,-13.0,-9.224000000000002,0.09,268.52898120880127,3.3598077669739723,1500,239649,1998,0.5209013540150697,0.402827472801323,0.7954101897471193,0.7382488752432013,0.8840971399863906,0.7172312617918004,0.7177177177177178,0.950950950950951,0.5289068740230423,0.1704406671674982,runs/dockstring_full_nig/seed43/PARP1/random/trajectory.csv,221.1724395751953,221.1724395751953,-9.012512207031222,-9.012512207031222
44,ESR2,greedy_mean,10,2000,100,500,186.70501708984372,-11.9,-8.857000000000001,0.01,98.7064174823463,8.152499299496412,1500,239651,2000,0.8342015933396173,0.6601007820129393,0.2652136294588374,1.2255920388612902,0.5219091548172774,0.3734648321517,0.734,0.971,0.9004135172963142,0.1939216324804081,runs/dockstring_full_nig/seed44/ESR2/greedy_mean/trajectory.csv,186.70501708984372,186.70501708984372,0.0,0.0
44,ESR2,analytic_ehvi,10,2000,100,500,196.26513671875,-11.9,-8.638,0.01,281.58889343962073,3.305684197694063,1500,239651,2000,0.7606624626572734,0.6013389195919037,0.3890537094912825,1.1353910971265222,0.6076502336408287,0.439327681045099,0.6885,0.9485,0.7526169942915439,0.1438857209714302,runs/dockstring_full_nig/seed44/ESR2/analytic_ehvi/trajectory.csv,186.70501708984372,186.70501708984372,9.560119628906278,9.560119628906278
44,ESR2,analytic_pomhi,10,2000,100,500,195.9848480224609,-11.9,-8.667,0.01,123.49703114107253,17.59087672829628,1500,239651,2000,0.8003789905006786,0.6312402255058288,0.323589372805234,1.1761944251994765,0.5631134496089415,0.4047842404711292,0.7415,0.9715,0.8696485854387284,0.2404457379516016,runs/dockstring_full_nig/seed44/ESR2/analytic_pomhi/trajectory.csv,186.70501708984372,186.70501708984372,9.279830932617188,9.279830932617188
44,ESR2,qnehvi_mc,10,2000,100,500,194.97715759277344,-11.5,-8.702,0.02,284.62372582778335,10.488183420151472,1500,239651,2000,0.7827496926831383,0.6091013466358185,0.3530587049749522,1.1507857218620912,0.6163538657463353,0.4473337108168419,0.6715,0.9355,0.727950574055314,0.2156322914889349,runs/dockstring_full_nig/seed44/ESR2/qnehvi_mc/trajectory.csv,186.70501708984372,186.70501708984372,8.272140502929716,8.272140502929716
44,ESR2,qnparego_mc,10,2000,100,500,193.1493225097656,-11.9,-8.344000000000001,0.0,275.5950857400894,3.320456676185131,1500,239651,2000,0.7818833762598966,0.6119255773067476,0.354489930636967,1.126323617444537,0.590263710310953,0.4262522892775497,0.6785,0.943,0.7374560381174088,0.269853179963295,runs/dockstring_full_nig/seed44/ESR2/qnparego_mc/trajectory.csv,186.70501708984372,186.70501708984372,6.444305419921875,6.444305419921875
44,ESR2,random,10,2000,100,500,182.7799224853516,-11.1,-7.757999999999999,0.0,96.03145197406413,3.182646196335554,1500,239651,2000,0.8035773421525597,0.6379677055358887,0.3181726349994078,1.174962515794191,0.5530435522522559,0.3980870525991404,0.7215,0.9725,0.8465050976872445,0.2687189591797397,runs/dockstring_full_nig/seed44/ESR2/random/trajectory.csv,186.70501708984372,186.70501708984372,-3.9250946044921307,-3.9250946044921307
44,F2,greedy_mean,10,2000,100,500,192.44212341308597,-12.0,-9.578,0.01,290.60279601439834,99.6618664301932,1500,239650,1976,0.5111529729863803,0.4033602631526437,0.7193358873401352,0.7354645995963017,0.8360761068562406,0.6536793835238086,0.7165991902834008,0.9696356275303644,0.5436461129742354,0.1349765166749474,runs/dockstring_full_nig/seed44/F2/greedy_mean/trajectory.csv,192.44212341308597,192.44212341308597,0.0,0.0
44,F2,analytic_ehvi,10,2000,100,500,196.1902313232422,-11.8,-9.199000000000002,0.02,278.9225475117564,3.436486877501011,1500,239650,1976,0.5153078483169877,0.4074071323823349,0.7147546216729774,0.7507045792140641,0.8358171796053644,0.6532201699115974,0.6614372469635628,0.9473684210526316,0.5011569812501732,0.0984877434324991,runs/dockstring_full_nig/seed44/F2/analytic_ehvi/trajectory.csv,192.44212341308597,192.44212341308597,3.7481079101562216,3.7481079101562216
44,F2,analytic_pomhi,10,2000,100,500,196.0599822998047,-11.8,-9.202,0.05,207.00922562927008,15.470803949981928,1500,239650,1976,0.5162813999843217,0.4098656878780257,0.7136757968901084,0.7491546668073528,0.8293990981312613,0.6458547956151944,0.6680161943319838,0.9504048582995952,0.5087895221133464,0.1044706323189974,runs/dockstring_full_nig/seed44/F2/analytic_pomhi/trajectory.csv,192.44212341308597,192.44212341308597,3.6178588867187216,3.6178588867187216
44,F2,qnehvi_mc,10,2000,100,500,197.15914916992188,-12.0,-8.57,0.02,277.7657205760479,10.466548010706902,1500,239650,1976,0.5428822813445859,0.4174880914359922,0.6834105508227666,0.7541526231658517,0.83576511428006,0.6526180729624119,0.6761133603238867,0.9519230769230768,0.5165339412567346,0.1400551183612524,runs/dockstring_full_nig/seed44/F2/qnehvi_mc/trajectory.csv,192.44212341308597,192.44212341308597,4.717025756835909,4.717025756835909
44,F2,qnparego_mc,10,2000,100,500,193.3026123046875,-11.8,-8.796999999999999,0.03,269.1243805922568,3.456954598426819,1500,239650,1976,0.5521660028733679,0.4210656856235705,0.6724901022834149,0.76087893220081,0.8242081812300743,0.6406273446197309,0.6745951417004049,0.9519230769230768,0.5151599710618677,0.126505781533958,runs/dockstring_full_nig/seed44/F2/qnparego_mc/trajectory.csv,192.44212341308597,192.44212341308597,0.8604888916015341,0.8604888916015341
44,F2,random,10,2000,100,500,183.25059509277344,-11.8,-8.131,0.0,239.490869294852,3.379922743886709,1500,239650,1976,0.5013054268965103,0.3919280294464667,0.7300459080981709,0.711425119082094,0.8387191586058244,0.658326258981845,0.6867408906882592,0.951417004048583,0.4971371200312728,0.1313828803175934,runs/dockstring_full_nig/seed44/F2/random/trajectory.csv,192.44212341308597,192.44212341308597,-9.191528320312528,-9.191528320312528
44,JAK2,greedy_mean,10,2000,100,500,208.1829833984375,-12.5,-9.727,0.08,284.6580123975873,8.064391374588013,1500,239653,1999,0.6117014527608134,0.4494273066461056,0.5851244358805641,0.879656714737617,0.7878895389493953,0.6073119578653976,0.7318659329664833,0.950975487743872,0.5993020103358221,0.1719658102324435,runs/dockstring_full_nig/seed44/JAK2/greedy_mean/trajectory.csv,208.1829833984375,208.1829833984375,0.0,0.0
44,JAK2,analytic_ehvi,10,2000,100,500,208.8831787109375,-12.5,-9.351,0.1,277.6870078332722,3.261768277734518,1500,239653,1999,0.5624452077402227,0.4183845212782783,0.6492487126993742,0.7800683468552685,0.8156903822939686,0.6368279477768829,0.711855927963982,0.9564782391195598,0.5517082806078418,0.2352244635831429,runs/dockstring_full_nig/seed44/JAK2/analytic_ehvi/trajectory.csv,208.1829833984375,208.1829833984375,0.7001953125,0.7001953125
44,JAK2,analytic_pomhi,10,2000,100,500,208.8486785888672,-12.5,-9.328,0.1,274.58661648631096,18.57485419139266,1500,239653,1999,0.5792370353753907,0.4364368672487794,0.6279926879952671,0.8300664349938021,0.8061576766095152,0.6271546903640646,0.7338669334667334,0.9674837418709354,0.6015530970914773,0.164733162438852,runs/dockstring_full_nig/seed44/JAK2/analytic_pomhi/trajectory.csv,208.1829833984375,208.1829833984375,0.6656951904296875,0.6656951904296875
44,JAK2,qnehvi_mc,10,2000,100,500,206.8500823974609,-12.3,-9.341,0.06,276.66519482806325,11.74646419286728,1500,239653,1999,0.5899647273200107,0.4414563268706344,0.6140856517229394,0.8334170564674774,0.7904841766582478,0.6143205436524762,0.6758379189594798,0.9409704852426212,0.5374254498886072,0.1916258527881154,runs/dockstring_full_nig/seed44/JAK2/qnehvi_mc/trajectory.csv,208.1829833984375,208.1829833984375,-1.332901000976591,-1.332901000976591
44,JAK2,qnparego_mc,10,2000,100,500,207.925048828125,-12.5,-9.462000000000002,0.04,272.92975890263915,3.3304110690951347,1500,239653,1999,0.5836914920878776,0.4278145784375189,0.6222490560913858,0.830574156686846,0.7998701554250937,0.6268374124602545,0.6908454227113556,0.9364682341170584,0.5365201703768006,0.1947760426759926,runs/dockstring_full_nig/seed44/JAK2/qnparego_mc/trajectory.csv,208.1829833984375,208.1829833984375,-0.2579345703125,-0.2579345703125
44,JAK2,random,10,2000,100,500,196.70274353027344,-12.5,-8.451,0.01,272.95455012097955,3.1553261689841747,1500,239653,1999,0.5582024085086609,0.4084014416933655,0.6545205304161383,0.7610745585989646,0.809468622268226,0.6365570990135146,0.7358679339669835,0.96048024012006,0.5471808870265698,0.2439092414074905,runs/dockstring_full_nig/seed44/JAK2/random/trajectory.csv,208.1829833984375,208.1829833984375,-11.480239868164062,-11.480239868164062
44,KIT,greedy_mean,10,2000,100,500,201.68890380859372,-12.7,-9.345,0.05,286.7045861370861,7.824146673083305,1500,239650,1997,0.8096604496166394,0.6268140767536344,0.4305740690042967,1.196389383990828,0.6639901345734213,0.4865877092572195,0.656484727090636,0.9233850776164246,0.7222876154039285,0.1482020809955598,runs/dockstring_full_nig/seed44/KIT/greedy_mean/trajectory.csv,201.68890380859372,201.68890380859372,0.0,0.0
44,KIT,analytic_ehvi,10,2000,100,500,208.6985321044922,-12.7,-9.052,0.15,264.65421425923705,3.1117860339581966,1500,239650,1997,0.7460841926240848,0.5848092264453351,0.5164882114300489,1.1226964916535458,0.7341673099924363,0.5487806111464495,0.6970455683525288,0.9459188783174762,0.7393392997648816,0.1080781987101386,runs/dockstring_full_nig/seed44/KIT/analytic_ehvi/trajectory.csv,201.68890380859372,201.68890380859372,7.009628295898466,7.009628295898466
44,KIT,analytic_pomhi,10,2000,100,500,207.96246337890625,-12.6,-9.174,0.19,271.8213191702962,17.881222188472748,1500,239650,1997,0.7009333515474265,0.5499976189660621,0.5732388864224404,1.052460005987675,0.7514007368328708,0.5632454313384795,0.6990485728592889,0.9549323985978968,0.7080905272116587,0.1838851454527473,runs/dockstring_full_nig/seed44/KIT/analytic_pomhi/trajectory.csv,201.68890380859372,201.68890380859372,6.273559570312528,6.273559570312528
44,KIT,qnehvi_mc,10,2000,100,500,207.99009704589844,-12.6,-8.753,0.13,142.63842149823904,11.07884529605508,1500,239650,1997,0.8454085597096846,0.6587082381002534,0.3791814697454532,1.244917027294926,0.6273814920496796,0.4560591972320407,0.6765147721582374,0.9354031046569856,0.8014391373561273,0.1052810786321572,runs/dockstring_full_nig/seed44/KIT/qnehvi_mc/trajectory.csv,201.68890380859372,201.68890380859372,6.301193237304716,6.301193237304716
44,KIT,qnparego_mc,10,2000,100,500,207.3468780517578,-12.7,-8.817,0.08,260.13255490362644,3.1024815030395985,1500,239650,1997,0.7432363521921496,0.5860535175130556,0.5201723437668276,1.1184942162749036,0.7177801182983231,0.5346442981319651,0.685027541311968,0.9499248873309964,0.740982660933262,0.1305786123864945,runs/dockstring_full_nig/seed44/KIT/qnparego_mc/trajectory.csv,201.68890380859372,201.68890380859372,5.657974243164091,5.657974243164091
44,KIT,random,10,2000,100,500,195.51461791992188,-12.6,-7.885,0.01,266.0812100581825,3.036039475351572,1500,239650,1997,0.744867803999888,0.5830709606871703,0.518063526402428,1.117953414943482,0.7025767945449973,0.5218741218077533,0.7095643465197796,0.9519278918377566,0.7567379417184239,0.1073959902041704,runs/dockstring_full_nig/seed44/KIT/random/trajectory.csv,201.68890380859372,201.68890380859372,-6.174285888671847,-6.174285888671847
44,PARP1,greedy_mean,10,2000,100,500,224.07666015625,-13.6,-11.04,0.17,292.28721897676587,73.816915422678,1500,239649,1983,0.5653851940485323,0.4400956660764601,0.7711521025553516,0.8443570958860354,0.8750570017720637,0.7021652554364979,0.6928895612708018,0.9470499243570348,0.5569760230413544,0.1428889351433074,runs/dockstring_full_nig/seed44/PARP1/greedy_mean/trajectory.csv,224.07666015625,224.07666015625,0.0,0.0
44,PARP1,analytic_ehvi,10,2000,100,500,225.5923767089844,-13.6,-10.884,0.3,285.83910881727934,3.2537482120096684,1500,239649,1983,0.5607272871955188,0.4379597241627225,0.7749072814860942,0.8352081030578475,0.8778614554206962,0.7077590961090283,0.6944024205748865,0.94654563792234,0.5619081850461869,0.113989182250818,runs/dockstring_full_nig/seed44/PARP1/analytic_ehvi/trajectory.csv,224.07666015625,224.07666015625,1.5157165527344034,1.5157165527344034
44,PARP1,analytic_pomhi,10,2000,100,500,225.4700469970703,-13.6,-10.747999999999998,0.28,282.7949365600944,21.1912962757051,1500,239649,1983,0.5709039413175903,0.4445738254264335,0.7666627116303828,0.8449989737853687,0.874381275166841,0.7029517116025115,0.702471003530005,0.9546142208774584,0.5820320571124163,0.1301557069725327,runs/dockstring_full_nig/seed44/PARP1/analytic_pomhi/trajectory.csv,224.07666015625,224.07666015625,1.3933868408203125,1.3933868408203125
44,PARP1,qnehvi_mc,10,2000,100,500,225.31997680664065,-13.6,-10.609000000000002,0.27,281.6381609290838,12.921614099293947,1500,239649,1983,0.5467656374393003,0.4276367570797241,0.7859769792507604,0.8003132957096042,0.8802764893799306,0.7087018215319737,0.7060010085728694,0.961169944528492,0.5681767453464426,0.1406206534028844,runs/dockstring_full_nig/seed44/PARP1/qnehvi_mc/trajectory.csv,224.07666015625,224.07666015625,1.2433166503906534,1.2433166503906534
44,PARP1,qnparego_mc,10,2000,100,500,224.2594146728516,-13.6,-10.696,0.27,278.8501361645758,3.3374130949378014,1500,239649,1983,0.5466954146739798,0.4219260568277317,0.7860319509688118,0.7996317263945585,0.8807786621578201,0.7108063921949174,0.7302067574382249,0.9641956631366616,0.5885740994836006,0.1652299775706141,runs/dockstring_full_nig/seed44/PARP1/qnparego_mc/trajectory.csv,224.07666015625,224.07666015625,0.18275451660159092,0.18275451660159092
44,PARP1,random,10,2000,100,500,217.74053955078125,-13.6,-9.235,0.16,272.78255255147815,3.3724461384117603,1500,239649,1983,0.5397145403171139,0.421427154396738,0.7914614732810502,0.78125375311578,0.8817433753191933,0.7127838741283774,0.7317196167423097,0.97327281896117,0.5890449925588347,0.1947562654473739,runs/dockstring_full_nig/seed44/PARP1/random/trajectory.csv,224.07666015625,224.07666015625,-6.33612060546875,-6.33612060546875
45,ESR2,greedy_mean,10,2000,100,500,190.07611083984372,-11.4,-8.791,0.01,282.5036541540176,98.47922460734844,1500,239651,1976,0.7782020766429526,0.612819094406931,0.2707853327012113,1.1486803066397409,0.5136958579946804,0.3649925015835151,0.6659919028340081,0.9473684210526316,0.7396494218031404,0.1857012285572507,runs/dockstring_full_nig/seed45/ESR2/greedy_mean/trajectory.csv,190.07611083984372,190.07611083984372,0.0,0.0
45,ESR2,analytic_ehvi,10,2000,100,500,193.5387115478516,-11.6,-8.656999999999998,0.01,271.0660319980234,3.147457892075181,1500,239651,1976,0.7639398053427617,0.5995194954428114,0.2972693370236011,1.1242429658457764,0.5430072479050971,0.3877858500733852,0.6659919028340081,0.944331983805668,0.7232547942926044,0.2087996679696902,runs/dockstring_full_nig/seed45/ESR2/analytic_ehvi/trajectory.csv,190.07611083984372,190.07611083984372,3.4626007080078693,3.4626007080078693
45,ESR2,analytic_pomhi,10,2000,100,500,192.84231567382807,-11.6,-7.391999999999999,0.0,70.23009744286537,18.249811977148056,1500,239651,1976,0.9408421404793792,0.7431379497775182,-0.0658697753839363,1.419848121519268,0.3948460688675454,0.2783020948788107,0.8036437246963563,0.992914979757085,1.2379848089536674,0.0449295971472891,runs/dockstring_full_nig/seed45/ESR2/analytic_pomhi/trajectory.csv,190.07611083984372,190.07611083984372,2.7662048339843466,2.7662048339843466
45,ESR2,qnehvi_mc,10,2000,100,500,193.23471069335935,-11.6,-8.563,0.01,277.3377529103309,11.1551264654845,1500,239651,1976,0.7464659173457154,0.5872909265008532,0.3290493298411672,1.127034211440492,0.5688588543167561,0.4078613702053878,0.6300607287449392,0.9215587044534412,0.6746868985113104,0.191236919443689,runs/dockstring_full_nig/seed45/ESR2/qnehvi_mc/trajectory.csv,190.07611083984372,190.07611083984372,3.158599853515625,3.158599853515625
45,ESR2,qnparego_mc,10,2000,100,500,193.14956665039065,-11.4,-8.19,0.01,262.50422389246523,3.178779162466526,1500,239651,1976,0.7567464010929703,0.5901702141472203,0.3104411240012135,1.0937237524365195,0.5663443840650109,0.4065858838991096,0.6487854251012146,0.9367408906882592,0.679535196709488,0.2940019567516058,runs/dockstring_full_nig/seed45/ESR2/qnparego_mc/trajectory.csv,190.07611083984372,190.07611083984372,3.073455810546932,3.073455810546932
45,ESR2,random,10,2000,100,500,185.7096710205078,-11.2,-7.58,0.0,261.56723530963063,3.027580004185438,1500,239651,1976,0.7412001986047256,0.5716280183328791,0.3384819805821544,1.0674274874266405,0.5782662521998101,0.4198392341607849,0.6892712550607287,0.9509109311740892,0.7200491906780946,0.2782949789436512,runs/dockstring_full_nig/seed45/ESR2/random/trajectory.csv,190.07611083984372,190.07611083984372,-4.366439819335909,-4.366439819335909
45,F2,greedy_mean,10,2000,100,500,191.8209228515625,-12.1,-9.667,0.01,277.0910332016647,96.23990036733449,1500,239650,1974,0.5256405384549367,0.4039007084951816,0.7202478686665565,0.7418909403212793,0.845116504229162,0.6671155893111497,0.6732522796352584,0.941742654508612,0.4898795487912109,0.1093257292092005,runs/dockstring_full_nig/seed45/F2/greedy_mean/trajectory.csv,191.8209228515625,191.8209228515625,0.0,0.0
45,F2,analytic_ehvi,10,2000,100,500,196.9884033203125,-12.1,-9.455,0.02,269.593731129542,3.1193258557468653,1500,239650,1974,0.501542182231195,0.3948696661140419,0.7453107400758486,0.7182490271143054,0.8532629972508943,0.6756617804337938,0.6631205673758865,0.9422492401215804,0.4805245134666215,0.0956889701166197,runs/dockstring_full_nig/seed45/F2/analytic_ehvi/trajectory.csv,191.8209228515625,191.8209228515625,5.16748046875,5.16748046875
45,F2,analytic_pomhi,10,2000,100,500,196.65744018554688,-12.1,-9.357,0.04,270.73446444422007,16.145463982596993,1500,239650,1974,0.5086525989792334,0.3999989811531075,0.7380380366571921,0.7285463661994803,0.8486350739554599,0.6708386791153249,0.6570415400202634,0.9422492401215804,0.4836839398533377,0.1109957852578818,runs/dockstring_full_nig/seed45/F2/analytic_pomhi/trajectory.csv,191.8209228515625,191.8209228515625,4.836517333984375,4.836517333984375
45,F2,qnehvi_mc,10,2000,100,500,196.28060913085935,-12.1,-9.249,0.03,268.9091583751142,11.49978462792933,1500,239650,1974,0.5449677802380403,0.4053076804469301,0.6992972817379991,0.7481558478321274,0.843311089415132,0.6674955721250887,0.6631205673758865,0.945288753799392,0.4875931401322799,0.10467931284959,runs/dockstring_full_nig/seed45/F2/qnehvi_mc/trajectory.csv,191.8209228515625,191.8209228515625,4.459686279296847,4.459686279296847
45,F2,qnparego_mc,10,2000,100,500,192.35174560546875,-12.1,-9.338,0.01,267.9086684901268,3.311384191736579,1500,239650,1974,0.4939369899866398,0.3859621858645113,0.7529761974959908,0.6981599684137025,0.8549951930460294,0.6785484880764949,0.6899696048632219,0.9493414387031408,0.492012101602047,0.1098418843296042,runs/dockstring_full_nig/seed45/F2/qnparego_mc/trajectory.csv,191.8209228515625,191.8209228515625,0.53082275390625,0.53082275390625
45,F2,random,10,2000,100,500,185.73692321777344,-11.8,-8.303,0.0,264.1494433283806,3.1900736428797245,1500,239650,1974,0.4993474472823634,0.3881652514139811,0.7475348895451874,0.6977978399501189,0.8511073657991364,0.675186625273813,0.6955420466058764,0.9513677811550152,0.4929547131876815,0.1750895470600636,runs/dockstring_full_nig/seed45/F2/random/trajectory.csv,191.8209228515625,191.8209228515625,-6.0839996337890625,-6.0839996337890625
45,JAK2,greedy_mean,10,2000,100,500,207.78662109375,-12.5,-9.739,0.06,270.8448016922921,87.99382549896836,1500,239653,1977,0.5657433958062643,0.4283644499173354,0.648669842853183,0.788874780868482,0.7899704673885436,0.6127450369128052,0.7126960040465351,0.9600404653515427,0.5562879166098996,0.2571731308533084,runs/dockstring_full_nig/seed45/JAK2/greedy_mean/trajectory.csv,207.78662109375,207.78662109375,0.0,0.0
45,JAK2,analytic_ehvi,10,2000,100,500,208.8328399658203,-12.5,-9.637,0.14,261.20592386089265,3.316727928817272,1500,239653,1977,0.545073230889676,0.4123116338379647,0.6738734532395594,0.7682872748700238,0.809434685353659,0.6316961680599845,0.7303995953464846,0.9630753667172484,0.5579973627927632,0.2031607417544281,runs/dockstring_full_nig/seed45/JAK2/analytic_ehvi/trajectory.csv,207.78662109375,207.78662109375,1.0462188720703125,1.0462188720703125
45,JAK2,analytic_pomhi,10,2000,100,500,208.7647857666016,-12.5,-9.572,0.1,263.9071785211563,17.45124052092433,1500,239653,1977,0.5458841390888798,0.4151483373685382,0.6729023712123641,0.7748862639271449,0.8048577055632188,0.62828172503717,0.7379868487607486,0.9600404653515427,0.5617984095545929,0.1899076720744368,runs/dockstring_full_nig/seed45/JAK2/analytic_pomhi/trajectory.csv,207.78662109375,207.78662109375,0.9781646728515909,0.9781646728515909
45,JAK2,qnehvi_mc,10,2000,100,500,208.8303985595703,-12.5,-9.6,0.16,260.88496546819806,12.4740217551589,1500,239653,1977,0.5462689942511126,0.4131893038327608,0.6724409927721356,0.7757055587116722,0.8080837919971956,0.6317724418915943,0.7602427921092565,0.9630753667172484,0.5832309403923587,0.2214199210593527,runs/dockstring_full_nig/seed45/JAK2/qnehvi_mc/trajectory.csv,207.78662109375,207.78662109375,1.0437774658203125,1.0437774658203125
45,JAK2,qnparego_mc,10,2000,100,500,207.2264404296875,-12.5,-9.705000000000002,0.08,258.78588257171214,3.559172173961997,1500,239653,1977,0.562240485227028,0.4240953291553889,0.6530070322628986,0.7937843631060075,0.7905140713914446,0.6150703404366392,0.7137076378351037,0.9484066767830044,0.5511523983698031,0.2326759597970455,runs/dockstring_full_nig/seed45/JAK2/qnparego_mc/trajectory.csv,207.78662109375,207.78662109375,-0.5601806640625,-0.5601806640625
45,JAK2,random,10,2000,100,500,195.740234375,-12.3,-8.502,0.02,263.2552288994193,3.5356257259845734,1500,239653,1977,0.5356874739808414,0.3980236684908214,0.685008070461997,0.7380563385957575,0.8054053245835672,0.6322837338755384,0.7389984825493171,0.96206373292868,0.5441996602018373,0.2653841553967199,runs/dockstring_full_nig/seed45/JAK2/random/trajectory.csv,207.78662109375,207.78662109375,-12.04638671875,-12.04638671875
45,KIT,greedy_mean,10,2000,100,500,201.47288513183597,-12.9,-9.749,0.06,274.0980378184468,69.5540518052876,1500,239650,1975,0.7704011291500655,0.5959168551481224,0.4959651737017744,1.1569264984246268,0.7091404924089927,0.5277948463853127,0.6592405063291139,0.9215189873417722,0.6914694842658465,0.1246882252488584,runs/dockstring_full_nig/seed45/KIT/greedy_mean/trajectory.csv,201.47288513183597,201.47288513183597,0.0,0.0
45,KIT,analytic_ehvi,10,2000,100,500,206.83758544921875,-12.9,-9.003999999999998,0.07,253.56448092497885,3.388154022395611,1500,239650,1975,0.8132187427780918,0.6329880835617644,0.4383813996106913,1.2506999342770904,0.6652482902322906,0.4881591703404482,0.6460759493670886,0.9022784810126582,0.7057272170917898,0.1062902075882074,runs/dockstring_full_nig/seed45/KIT/analytic_ehvi/trajectory.csv,201.47288513183597,201.47288513183597,5.364700317382784,5.364700317382784
45,KIT,analytic_pomhi,10,2000,100,500,204.1132659912109,-12.1,-9.451,0.08,257.0800500717014,12.073728192597628,1500,239650,1975,0.7435132842358707,0.5759922572751589,0.530533952852023,1.1123918616167328,0.7281142384638134,0.5445517896415709,0.6916455696202531,0.9377215189873418,0.7121606453762779,0.1034843235208948,runs/dockstring_full_nig/seed45/KIT/analytic_pomhi/trajectory.csv,201.47288513183597,201.47288513183597,2.640380859374943,2.640380859374943
45,KIT,qnehvi_mc,10,2000,100,500,207.2024078369141,-12.9,-8.892,0.02,254.27090369723737,8.94509438239038,1500,239650,1975,0.7935237087493247,0.6155735075745402,0.465255239635668,1.1909178838803776,0.6937576968321136,0.5114964135203188,0.6369620253164557,0.9154430379746836,0.6948801579430134,0.1415058522054215,runs/dockstring_full_nig/seed45/KIT/qnehvi_mc/trajectory.csv,201.47288513183597,201.47288513183597,5.729522705078125,5.729522705078125
45,KIT,qnparego_mc,10,2000,100,500,198.1827087402344,-11.7,-9.429,0.05,249.81552003510296,3.3887818679213524,1500,239650,1975,0.7365117226138373,0.568151483221899,0.5393341153707785,1.099661084256201,0.7391742744912623,0.5546621763243575,0.6739240506329114,0.9367088607594936,0.6967387219622165,0.1803862027374105,runs/dockstring_full_nig/seed45/KIT/qnparego_mc/trajectory.csv,201.47288513183597,201.47288513183597,-3.2901763916015625,-3.2901763916015625
45,KIT,random,10,2000,100,500,194.58169555664065,-11.8,-8.318,0.03,256.6254325080663,3.2717600781470537,1500,239650,1975,0.7391562384689833,0.5819978921141806,0.5360200463644993,1.1075595843366903,0.7065559387089112,0.5274808551423151,0.7048101265822785,0.9574683544303796,0.7483834176425692,0.1472534709128163,runs/dockstring_full_nig/seed45/KIT/random/trajectory.csv,201.47288513183597,201.47288513183597,-6.8911895751953125,-6.8911895751953125
45,PARP1,greedy_mean,10,2000,100,500,223.5747833251953,-13.9,-10.926999999999998,0.17,274.0013678316027,71.35335445031524,1500,239649,1973,0.5409533195364287,0.4205084300439972,0.7813407748841616,0.7816241913986365,0.8790065204769917,0.7105777666024876,0.7105930055752661,0.9584389254941712,0.5544481995712364,0.1552706186626481,runs/dockstring_full_nig/seed45/PARP1/greedy_mean/trajectory.csv,223.5747833251953,223.5747833251953,0.0,0.0
45,PARP1,analytic_ehvi,10,2000,100,500,226.88864135742188,-13.9,-10.522,0.35,249.70605648122728,3.1306635569781065,1500,239649,1973,0.5502010786838604,0.4311228016458425,0.7738007818922109,0.8206775624919458,0.8745990657803169,0.703292626490318,0.7328940699442473,0.9655347187024836,0.6080608089684353,0.0958133824240915,runs/dockstring_full_nig/seed45/PARP1/analytic_ehvi/trajectory.csv,223.5747833251953,223.5747833251953,3.3138580322265625,3.3138580322265625
45,PARP1,analytic_pomhi,10,2000,100,500,226.71798706054688,-13.9,-10.451999999999998,0.33,265.2668809257448,19.62582786567509,1500,239649,1973,0.5560243836652804,0.429715692845928,0.7689872770753315,0.8232756886209797,0.8687132150143575,0.6974681915204755,0.742524075012671,0.968068930562595,0.6144419344953034,0.120509779049793,runs/dockstring_full_nig/seed45/PARP1/analytic_pomhi/trajectory.csv,223.5747833251953,223.5747833251953,3.1432037353515625,3.1432037353515625
45,PARP1,qnehvi_mc,10,2000,100,500,226.79730224609372,-13.9,-10.23,0.35,264.3871900793165,11.915583865717052,1500,239649,1973,0.5508021919324421,0.4329966984481541,0.7733062513333407,0.8193081667944312,0.8757808222800563,0.7056094849016545,0.7014698428788647,0.9533705017739484,0.5630455687151182,0.1123000253168854,runs/dockstring_full_nig/seed45/PARP1/qnehvi_mc/trajectory.csv,223.5747833251953,223.5747833251953,3.222518920898409,3.222518920898409
45,PARP1,qnparego_mc,10,2000,100,500,225.25485229492188,-13.9,-10.858,0.15,252.01117001660168,3.217788746580481,1500,239649,1973,0.5509766934324063,0.4322713066464563,0.773162589357883,0.8067059631996562,0.8786121502888872,0.7078913075282158,0.6948808920425747,0.9589457678661936,0.5562964815568996,0.139352977949278,runs/dockstring_full_nig/seed45/PARP1/qnparego_mc/trajectory.csv,223.5747833251953,223.5747833251953,1.6800689697265625,1.6800689697265625
45,PARP1,random,10,2000,100,500,210.96376037597656,-13.0,-9.083,0.07,204.86854464188215,3.0940637681633234,1500,239649,1973,0.5281033625305812,0.408007793745533,0.791605578178689,0.7606117194561823,0.8765905055424974,0.70789997520799,0.7303598580841358,0.966548403446528,0.5660189716301167,0.1545453097509611,runs/dockstring_full_nig/seed45/PARP1/random/trajectory.csv,223.5747833251953,223.5747833251953,-12.61102294921875,-12.61102294921875
46,ESR2,greedy_mean,10,2000,100,500,188.7706451416016,-11.7,-8.771999999999998,0.01,284.0183223672211,100.60943015292288,1500,239651,1976,0.7525377838227015,0.5840591964451408,0.2968137089233353,1.1046697593698762,0.5360867101084533,0.3848844719036103,0.659919028340081,0.9397773279352226,0.6941010868742399,0.2115418451431974,runs/dockstring_full_nig/seed46/ESR2/greedy_mean/trajectory.csv,188.7706451416016,188.7706451416016,0.0,0.0
46,ESR2,analytic_ehvi,10,2000,100,500,195.75640869140625,-11.7,-8.434,0.01,265.56528360396624,3.262737922370434,1500,239651,1976,0.7510127419388224,0.5729616016511493,0.299660880066766,1.09310555612326,0.5536886683884832,0.4016914557492019,0.6998987854251012,0.9407894736842104,0.7291669250514946,0.2354257054574799,runs/dockstring_full_nig/seed46/ESR2/analytic_ehvi/trajectory.csv,188.7706451416016,188.7706451416016,6.985763549804659,6.985763549804659
46,ESR2,analytic_pomhi,10,2000,100,500,195.49386596679688,-11.7,-8.458999999999998,0.0,267.3879388347268,16.26468775421381,1500,239651,1976,0.7514304507883124,0.5835755148397284,0.2988816144548512,1.103288413526596,0.5328987787703148,0.383500276374719,0.7049595141700404,0.9519230769230768,0.7451496812164301,0.2278683189068072,runs/dockstring_full_nig/seed46/ESR2/analytic_pomhi/trajectory.csv,188.7706451416016,188.7706451416016,6.723220825195284,6.723220825195284
46,ESR2,qnehvi_mc,10,2000,100,500,195.1322479248047,-11.7,-8.411,0.0,264.5567363575101,8.988813530653715,1500,239651,1976,0.748796460013482,0.5868258110424767,0.3037882632815841,1.0946856165082686,0.5425552738577106,0.3915419420470813,0.6811740890688259,0.9519230769230768,0.7288677528017928,0.2302515291350454,runs/dockstring_full_nig/seed46/ESR2/qnehvi_mc/trajectory.csv,188.7706451416016,188.7706451416016,6.361602783203097,6.361602783203097
46,ESR2,qnparego_mc,10,2000,100,500,188.32313537597656,-11.2,-8.248000000000001,0.01,254.8918311931193,3.238314885646105,1500,239651,1976,0.7601440617975128,0.5772539775863832,0.2825269550547538,1.0911216331067255,0.5464850209732712,0.3987957912327683,0.6923076923076923,0.9392712550607288,0.6985531715065362,0.270850455946765,runs/dockstring_full_nig/seed46/ESR2/qnparego_mc/trajectory.csv,188.7706451416016,188.7706451416016,-0.4475097656250284,-0.4475097656250284
46,ESR2,random,10,2000,100,500,191.5491943359375,-11.4,-7.935,0.0,169.5526068545878,3.1071672178804874,1500,239651,1976,0.7661723051447654,0.5874201484537317,0.2711021417482724,1.0989853032014392,0.5279581667661223,0.384048741183434,0.6842105263157895,0.9478744939271256,0.7198591128232991,0.2625848438304273,runs/dockstring_full_nig/seed46/ESR2/random/trajectory.csv,188.7706451416016,188.7706451416016,2.778549194335909,2.778549194335909
46,F2,greedy_mean,10,2000,100,500,195.7360382080078,-12.1,-9.616,0.03,269.571920376271,96.6791708022356,1500,239650,1974,0.4990033796959507,0.392267033780841,0.722980180774373,0.7107719574986314,0.835795723950267,0.6578171923654595,0.7178318135764944,0.969098277608916,0.5282317806552367,0.1115943783651727,runs/dockstring_full_nig/seed46/F2/greedy_mean/trajectory.csv,195.7360382080078,195.7360382080078,0.0,0.0
46,F2,analytic_ehvi,10,2000,100,500,196.7495880126953,-12.1,-9.331,0.05,275.4376171194017,3.454941999167204,1500,239650,1974,0.4972869591919634,0.393243664400435,0.7248826317762973,0.714986026142811,0.844282493408255,0.6656824534700588,0.6869300911854104,0.9523809523809524,0.4995686471643419,0.0556362410373133,runs/dockstring_full_nig/seed46/F2/analytic_ehvi/trajectory.csv,195.7360382080078,195.7360382080078,1.0135498046875,1.0135498046875
46,F2,analytic_pomhi,10,2000,100,500,196.3765106201172,-12.1,-9.346,0.06,274.9409369453788,16.272897217422724,1500,239650,1974,0.4967277416730088,0.3915365158243382,0.7255010431139948,0.6939488267731929,0.8330996633161862,0.6556622875129411,0.6960486322188449,0.9564336372847012,0.4909795792933776,0.1615110887832571,runs/dockstring_full_nig/seed46/F2/analytic_pomhi/trajectory.csv,195.7360382080078,195.7360382080078,0.640472412109375,0.640472412109375
46,F2,qnehvi_mc,10,2000,100,500,196.43814086914065,-12.1,-9.281,0.05,273.8494904190302,10.70665467903018,1500,239650,1974,0.4825996916833113,0.3803456862525978,0.7408937149538206,0.672301084681371,0.841899529295561,0.6661027266370111,0.6914893617021277,0.955420466058764,0.4807696744361788,0.121212247812949,runs/dockstring_full_nig/seed46/F2/qnehvi_mc/trajectory.csv,195.7360382080078,195.7360382080078,0.7021026611328409,0.7021026611328409
46,F2,qnparego_mc,10,2000,100,500,192.80015563964844,-11.8,-9.056,0.03,272.6730696111917,3.32327638566494,1500,239650,1974,0.5122257453966428,0.4024783713718557,0.7081049880388499,0.7353477723203861,0.8294117445037992,0.6492267878127713,0.6757852077001013,0.946808510638298,0.492177690431219,0.0823724217072732,runs/dockstring_full_nig/seed46/F2/qnparego_mc/trajectory.csv,195.7360382080078,195.7360382080078,-2.935882568359375,-2.935882568359375
46,F2,random,10,2000,100,500,183.09228515625,-11.8,-8.187,0.0,269.2786647826433,3.573530055582524,1500,239650,1974,0.4837571663167524,0.3781854839189678,0.7396493353545921,0.6708952635103541,0.8388725918288313,0.6633367069414857,0.7137791286727457,0.9701114488348532,0.5094024241121586,0.1490511462669941,runs/dockstring_full_nig/seed46/F2/random/trajectory.csv,195.7360382080078,195.7360382080078,-12.643753051757812,-12.643753051757812
46,JAK2,greedy_mean,10,2000,100,500,206.14886474609372,-12.3,-9.537,0.1,284.4820256307721,73.7453788779676,1500,239653,1978,0.6044817710884256,0.4503689308378645,0.5993405811003851,0.863746254389278,0.7804823682138591,0.6066035601094582,0.7062689585439839,0.9474216380182002,0.582557366503623,0.1866898541635997,runs/dockstring_full_nig/seed46/JAK2/greedy_mean/trajectory.csv,206.14886474609372,206.14886474609372,0.0,0.0
46,JAK2,analytic_ehvi,10,2000,100,500,207.73814392089844,-12.3,-9.342,0.16,274.59821924194694,3.475885067135096,1500,239653,1978,0.5589555337967569,0.4218688928683197,0.6574188525423095,0.7963379421779123,0.8000435991239817,0.624867365776784,0.7027300303336703,0.9570273003033368,0.5449034264282944,0.1700989104114923,runs/dockstring_full_nig/seed46/JAK2/analytic_ehvi/trajectory.csv,206.14886474609372,206.14886474609372,1.589279174804716,1.589279174804716
46,JAK2,analytic_pomhi,10,2000,100,500,207.6186370849609,-12.3,-9.149,0.14,273.01941468566656,19.19939997792244,1500,239653,1978,0.5612181168653503,0.4251294659652169,0.654639786772146,0.8003831475264314,0.7990049654788084,0.6229660795354313,0.7411526794742164,0.9661274014155712,0.5848912984976513,0.1619159802631823,runs/dockstring_full_nig/seed46/JAK2/analytic_pomhi/trajectory.csv,206.14886474609372,206.14886474609372,1.4697723388671875,1.4697723388671875
46,JAK2,qnehvi_mc,10,2000,100,500,207.61276245117188,-12.3,-9.237999999999998,0.14,272.35366462916136,11.35595863685012,1500,239653,1978,0.5820554001541179,0.438550350374351,0.6285181624571333,0.8175443648813384,0.7930374787270953,0.6200324517570606,0.7093023255813954,0.96056622851365,0.5674861882435661,0.1763020144773791,runs/dockstring_full_nig/seed46/JAK2/qnehvi_mc/trajectory.csv,206.14886474609372,206.14886474609372,1.4638977050781534,1.4638977050781534
46,JAK2,qnparego_mc,10,2000,100,500,206.41748046875,-12.3,-9.274,0.09,269.28349412605166,3.4398951902985573,1500,239653,1978,0.5631692839488838,0.4171352085136668,0.652234209174319,0.7848325514827064,0.7999325443094413,0.6288087235886972,0.7381193124368048,0.9656218402426694,0.5629356613173644,0.199113914323305,runs/dockstring_full_nig/seed46/JAK2/qnparego_mc/trajectory.csv,206.14886474609372,206.14886474609372,0.2686157226562784,0.2686157226562784
46,JAK2,random,10,2000,100,500,194.22462463378903,-12.3,-8.399000000000001,0.01,269.8176741413772,3.438108582049608,1500,239653,1978,0.5528236527476798,0.4106702083282933,0.6648940247196957,0.7510307137436363,0.8038332659019082,0.6338636816430315,0.7285136501516684,0.962588473205258,0.5537736519975296,0.2474073874682896,runs/dockstring_full_nig/seed46/JAK2/random/trajectory.csv,206.14886474609372,206.14886474609372,-11.924240112304688,-11.924240112304688
46,KIT,greedy_mean,10,2000,100,500,201.12094116210935,-12.6,-9.518,0.05,284.0760160461068,72.22606072574854,1500,239650,1976,0.7387044055130192,0.5804533674649381,0.5041476969495773,1.1031548970196907,0.7162193012086678,0.532130985234242,0.6538461538461539,0.9342105263157896,0.6831219698404253,0.1596205821153277,runs/dockstring_full_nig/seed46/KIT/greedy_mean/trajectory.csv,201.12094116210935,201.12094116210935,0.0,0.0
46,KIT,analytic_ehvi,10,2000,100,500,203.8251037597656,-12.6,-9.089999999999998,0.1,264.39783634617925,3.178277213126421,1500,239650,1976,0.6848648027326686,0.5421471772888893,0.5737929289225598,1.0266707524549248,0.7535425917625803,0.5664328563477791,0.6842105263157895,0.9519230769230768,0.6839882984063644,0.1491968873594005,runs/dockstring_full_nig/seed46/KIT/analytic_ehvi/trajectory.csv,201.12094116210935,201.12094116210935,2.70416259765625,2.70416259765625
46,KIT,analytic_pomhi,10,2000,100,500,203.18206787109372,-12.6,-9.049,0.08,270.9787761233747,15.321139935404062,1500,239650,1976,0.7438661532549051,0.584387577545305,0.4971938823970315,1.1289627476122714,0.6907525459372265,0.5107928440412252,0.6396761133603239,0.917004048582996,0.6581107692770388,0.1279655670695104,runs/dockstring_full_nig/seed46/KIT/analytic_pomhi/trajectory.csv,201.12094116210935,201.12094116210935,2.061126708984375,2.061126708984375
46,KIT,qnehvi_mc,10,2000,100,500,203.0647735595703,-12.6,-9.11,0.07,267.06923454627395,8.718757528811693,1500,239650,1976,0.7357540825180562,0.57755398074625,0.5081005718547695,1.100404980649636,0.7162511848862329,0.5332396423232113,0.6963562753036437,0.9504048582995952,0.7409670073011143,0.1324781447985301,runs/dockstring_full_nig/seed46/KIT/qnehvi_mc/trajectory.csv,201.12094116210935,201.12094116210935,1.943832397460966,1.943832397460966
46,KIT,qnparego_mc,10,2000,100,500,203.09127807617188,-12.6,-8.767999999999999,0.07,262.7535831145942,3.225095957517624,1500,239650,1976,0.7213219616143043,0.5653669832689076,0.5272089282572112,1.0781805566097,0.7148044471163125,0.5326650524729769,0.6604251012145749,0.9357287449392712,0.6731200169183706,0.18236391489367,runs/dockstring_full_nig/seed46/KIT/qnparego_mc/trajectory.csv,201.12094116210935,201.12094116210935,1.9703369140625284,1.9703369140625284
46,KIT,random,10,2000,100,500,195.6992950439453,-12.6,-7.887,0.0,271.35408087819815,3.4215176813304424,1500,239650,1976,0.6796240828271618,0.5308613312389203,0.5802908122349532,1.0183967436483163,0.7467658322712551,0.5640482565172406,0.6710526315789473,0.9367408906882592,0.6357888557951943,0.1740876045571921,runs/dockstring_full_nig/seed46/KIT/random/trajectory.csv,201.12094116210935,201.12094116210935,-5.421646118164034,-5.421646118164034
46,PARP1,greedy_mean,10,2000,100,500,226.94216918945312,-13.8,-10.961,0.17,286.7613161802292,70.60127265006304,1500,239649,1980,0.5850677648286017,0.4525754607325852,0.7681197945993727,0.895816153306204,0.8716443776886791,0.7009290283524868,0.6636363636363637,0.9272727272727272,0.5409857098953893,0.1512330110926325,runs/dockstring_full_nig/seed46/PARP1/greedy_mean/trajectory.csv,226.94216918945312,226.94216918945312,0.0,0.0
46,PARP1,analytic_ehvi,10,2000,100,500,227.07650756835935,-13.8,-10.648,0.33,278.6529591605067,3.2713255621492863,1500,239649,1980,0.6025964435288884,0.467167444373622,0.7540173570802863,0.8913599234817126,0.8635088014461608,0.6890410917221429,0.657070707070707,0.9333333333333332,0.5522380858960778,0.1597019064083442,runs/dockstring_full_nig/seed46/PARP1/analytic_ehvi/trajectory.csv,226.94216918945312,226.94216918945312,0.13433837890622158,0.13433837890622158
46,PARP1,analytic_pomhi,10,2000,100,500,226.8971099853516,-13.8,-10.773,0.26,281.7300102375448,18.15229804813862,1500,239649,1980,0.5820251505541171,0.4480666235721472,0.7705252852110813,0.842357742289196,0.8734179545491326,0.7029506966430388,0.6833333333333333,0.9464646464646465,0.5649625048643411,0.177997341597118,runs/dockstring_full_nig/seed46/PARP1/analytic_pomhi/trajectory.csv,226.94216918945312,226.94216918945312,-0.04505920410153408,-0.04505920410153408
46,PARP1,qnehvi_mc,10,2000,100,500,227.40011596679688,-13.8,-10.57,0.32,281.27875493094325,11.980151984840631,1500,239649,1980,0.5622940339454782,0.4311575730160029,0.7858203097189551,0.79659194396059,0.8797278561716522,0.7122496476483547,0.6656565656565656,0.941919191919192,0.5256522564273892,0.1994659264233154,runs/dockstring_full_nig/seed46/PARP1/qnehvi_mc/trajectory.csv,226.94216918945312,226.94216918945312,0.45794677734375,0.45794677734375
46,PARP1,qnparego_mc,10,2000,100,500,226.5415802001953,-13.8,-10.916,0.17,242.58856927603483,3.2762782350182533,1500,239649,1980,0.6090514378055679,0.4643424480611628,0.7487192147165138,0.8675435537360192,0.866353263521546,0.6938519792164551,0.6707070707070707,0.9409090909090908,0.5590644948410265,0.1994137069394821,runs/dockstring_full_nig/seed46/PARP1/qnparego_mc/trajectory.csv,226.94216918945312,226.94216918945312,-0.4005889892578125,-0.4005889892578125
46,PARP1,random,10,2000,100,500,219.196044921875,-13.4,-9.151,0.12,270.46834848076105,3.1423087418079376,1500,239649,1980,0.5606967711318829,0.4247427431260696,0.7870353870433446,0.7830688804933008,0.8811273722466544,0.7145238953446501,0.7242424242424242,0.966161616161616,0.5771816329673083,0.1995741746042084,runs/dockstring_full_nig/seed46/PARP1/random/trajectory.csv,226.94216918945312,226.94216918945312,-7.746124267578125,-7.746124267578125
