bin,n,rmv,rmse,mean_std,mae,seed,trial_name,label
1,607,0.30338527209228244,0.9287558939323596,0.3022506995004849,0.7277948505257873,seed44,fingerprint_gp_gaussian,Tanimoto-kernel GP
2,607,0.34475433834100994,0.9588790841628407,0.34467877695370575,0.7719849921183212,seed44,fingerprint_gp_gaussian,Tanimoto-kernel GP
3,608,0.36388297885548615,0.9369611185388718,0.36385932222011946,0.7566617587721605,seed44,fingerprint_gp_gaussian,Tanimoto-kernel GP
4,607,0.3760780733763546,0.8888732615187657,0.3760655194798904,0.7153126599524862,seed44,fingerprint_gp_gaussian,Tanimoto-kernel GP
5,608,0.3863057055146974,0.9055810562553844,0.3862963944395108,0.7371696371226915,seed44,fingerprint_gp_gaussian,Tanimoto-kernel GP
6,607,0.39489523553870964,0.9207197612620704,0.3948880056019973,0.7378232258096256,seed44,fingerprint_gp_gaussian,Tanimoto-kernel GP
7,608,0.40315406962530737,0.8962888600298177,0.403148179711445,0.7022603147846108,seed44,fingerprint_gp_gaussian,Tanimoto-kernel GP
8,607,0.4098096863719518,0.9081656525191036,0.40980581869866617,0.7254441880376443,seed44,fingerprint_gp_gaussian,Tanimoto-kernel GP
9,608,0.41589801079650746,0.9272045334242899,0.41589432834883194,0.74487525342631,seed44,fingerprint_gp_gaussian,Tanimoto-kernel GP
10,607,0.421781985238269,0.9184544684981186,0.4217785715846883,0.7333071944320879,seed44,fingerprint_gp_gaussian,Tanimoto-kernel GP
11,608,0.42738866300916567,0.9284787056525841,0.427385764408131,0.7450517456036858,seed44,fingerprint_gp_gaussian,Tanimoto-kernel GP
12,607,0.432518351788474,0.9937361806283244,0.43251595760965766,0.7997034376953551,seed44,fingerprint_gp_gaussian,Tanimoto-kernel GP
13,608,0.4374140755989081,0.929161455322442,0.43741188198978465,0.7416865269850518,seed44,fingerprint_gp_gaussian,Tanimoto-kernel GP
14,607,0.4418280628124146,0.8776882374834076,0.44182633799508214,0.6973912999468788,seed44,fingerprint_gp_gaussian,Tanimoto-kernel GP
15,608,0.4462961910314966,0.938351524476616,0.44629407623549555,0.7573850783051005,seed44,fingerprint_gp_gaussian,Tanimoto-kernel GP
16,607,0.4507388138361097,0.947180020214872,0.45073695757453525,0.7582427051734537,seed44,fingerprint_gp_gaussian,Tanimoto-kernel GP
17,608,0.4553005563668389,0.949933058064588,0.45529874951617416,0.758415327867509,seed44,fingerprint_gp_gaussian,Tanimoto-kernel GP
18,607,0.4595900534649703,0.9323636362625252,0.45958841443087345,0.7423235929182276,seed44,fingerprint_gp_gaussian,Tanimoto-kernel GP
19,608,0.46349778408868103,0.9625092261045822,0.4634964594184134,0.7773151140691814,seed44,fingerprint_gp_gaussian,Tanimoto-kernel GP
20,607,0.4676647978374619,0.9880494908430077,0.4676631752016008,0.8059513533850899,seed44,fingerprint_gp_gaussian,Tanimoto-kernel GP
21,608,0.471778826656546,0.9849820922144709,0.4717774560915007,0.795233454929679,seed44,fingerprint_gp_gaussian,Tanimoto-kernel GP
22,607,0.47577450901362484,0.9679646343299504,0.4757732384874346,0.7847768521794086,seed44,fingerprint_gp_gaussian,Tanimoto-kernel GP
23,608,0.47975974899071866,0.9679511660471354,0.4797583878737305,0.769702417930202,seed44,fingerprint_gp_gaussian,Tanimoto-kernel GP
24,607,0.48355915716997644,0.999569036981849,0.48355797879243445,0.7994258029701233,seed44,fingerprint_gp_gaussian,Tanimoto-kernel GP
25,608,0.48731312357028866,0.9371368829516113,0.48731190111446243,0.7391366061304198,seed44,fingerprint_gp_gaussian,Tanimoto-kernel GP
26,607,0.4909625155393349,0.9911606735527518,0.49096137459122263,0.7947984707281951,seed44,fingerprint_gp_gaussian,Tanimoto-kernel GP
27,608,0.4946463022398228,1.0660705490227318,0.4946451360994827,0.8534203049551463,seed44,fingerprint_gp_gaussian,Tanimoto-kernel GP
28,607,0.49823670596016295,1.0161475842815748,0.49823556914703243,0.8095928581643427,seed44,fingerprint_gp_gaussian,Tanimoto-kernel GP
29,608,0.5019819714804488,0.9785008185177801,0.5019808531115998,0.7879581510866481,seed44,fingerprint_gp_gaussian,Tanimoto-kernel GP
30,607,0.5055749416763075,1.0266549168616685,0.5055739377198619,0.8071905766866762,seed44,fingerprint_gp_gaussian,Tanimoto-kernel GP
31,608,0.5091086890129941,1.0246575287364252,0.5091075363405126,0.8201513680692095,seed44,fingerprint_gp_gaussian,Tanimoto-kernel GP
32,607,0.5128033149976354,1.0059109971398743,0.5128022868756474,0.7933234528811121,seed44,fingerprint_gp_gaussian,Tanimoto-kernel GP
33,607,0.5164280312494893,1.0031724854663164,0.516426806830019,0.7975407321111774,seed44,fingerprint_gp_gaussian,Tanimoto-kernel GP
34,608,0.5202159850303173,1.0110400948066338,0.5202148549344467,0.8063650556815072,seed44,fingerprint_gp_gaussian,Tanimoto-kernel GP
35,607,0.5240995715639839,1.0292048246607903,0.5240983148263721,0.8254721075596628,seed44,fingerprint_gp_gaussian,Tanimoto-kernel GP
36,608,0.5280478958524208,1.0374864336879983,0.5280466530166129,0.8322193486666323,seed44,fingerprint_gp_gaussian,Tanimoto-kernel GP
37,607,0.532143222118434,0.9748353885172201,0.5321418692683353,0.7877365834446577,seed44,fingerprint_gp_gaussian,Tanimoto-kernel GP
38,608,0.5361637886631195,1.0196846924605252,0.536162508175207,0.7995684413977273,seed44,fingerprint_gp_gaussian,Tanimoto-kernel GP
39,607,0.5400849714629268,1.0365184240527658,0.540083869009285,0.8219656723036655,seed44,fingerprint_gp_gaussian,Tanimoto-kernel GP
40,608,0.5440752192660269,1.0609613688466442,0.5440738813508551,0.8467148534935939,seed44,fingerprint_gp_gaussian,Tanimoto-kernel GP
41,607,0.5481958699802149,1.0587860608481983,0.548194474264385,0.848701080670796,seed44,fingerprint_gp_gaussian,Tanimoto-kernel GP
42,608,0.5525374779813151,1.0806058464024753,0.5525359660557971,0.8605351976167637,seed44,fingerprint_gp_gaussian,Tanimoto-kernel GP
43,607,0.5569652587910132,1.0735754934087887,0.5569638777035917,0.8762929608397484,seed44,fingerprint_gp_gaussian,Tanimoto-kernel GP
44,608,0.5612158822615324,1.0923207719242098,0.5612145927604988,0.875050897329588,seed44,fingerprint_gp_gaussian,Tanimoto-kernel GP
45,607,0.5656675662469538,1.0603914772559704,0.5656659298710215,0.8506534659044115,seed44,fingerprint_gp_gaussian,Tanimoto-kernel GP
46,608,0.5703901576642806,1.0544673992933784,0.5703883590699661,0.8321580290831607,seed44,fingerprint_gp_gaussian,Tanimoto-kernel GP
47,607,0.5752081290992301,1.0947641880495378,0.5752065842391517,0.8676804598529989,seed44,fingerprint_gp_gaussian,Tanimoto-kernel GP
48,608,0.5803531015002765,1.0641807028045942,0.5803511389648596,0.8576363970677932,seed44,fingerprint_gp_gaussian,Tanimoto-kernel GP
49,607,0.5855217366759049,1.1203244251843458,0.5855196545528354,0.8924730579850079,seed44,fingerprint_gp_gaussian,Tanimoto-kernel GP
50,608,0.5909347970642308,1.0932684572226128,0.5909328842974175,0.8636771939289904,seed44,fingerprint_gp_gaussian,Tanimoto-kernel GP
51,607,0.5963148294495456,1.1928356150146453,0.5963124567224329,0.9718820606029756,seed44,fingerprint_gp_gaussian,Tanimoto-kernel GP
52,608,0.6023734864600999,1.147031975729248,0.6023707356442093,0.9271105777583737,seed44,fingerprint_gp_gaussian,Tanimoto-kernel GP
53,607,0.6088283219859958,1.1796971457260712,0.6088252614919085,0.9401168440213824,seed44,fingerprint_gp_gaussian,Tanimoto-kernel GP
54,608,0.6159286667902051,1.1665362342278773,0.6159247309250279,0.9369397730069217,seed44,fingerprint_gp_gaussian,Tanimoto-kernel GP
55,607,0.6234628066506723,1.152701298101361,0.6234587881759063,0.9129727221133817,seed44,fingerprint_gp_gaussian,Tanimoto-kernel GP
56,608,0.6318148176444538,1.1895394006553979,0.6318094053023272,0.9481368399282628,seed44,fingerprint_gp_gaussian,Tanimoto-kernel GP
57,607,0.6413365388406059,1.2571112282520596,0.6413297346050082,0.9972527854443882,seed44,fingerprint_gp_gaussian,Tanimoto-kernel GP
58,608,0.6521200563001285,1.3224975862311437,0.6521117347980765,1.0574219547150794,seed44,fingerprint_gp_gaussian,Tanimoto-kernel GP
59,607,0.6637932847693105,1.35750705835716,0.6637843778614901,1.0814776862876976,seed44,fingerprint_gp_gaussian,Tanimoto-kernel GP
60,608,0.67766771768421,1.4345451175895514,0.6776502858864619,1.1498925831884905,seed44,fingerprint_gp_gaussian,Tanimoto-kernel GP
61,607,0.6962049023798357,1.4863256037077048,0.6961791713076078,1.2141194787018639,seed44,fingerprint_gp_gaussian,Tanimoto-kernel GP
62,608,0.7212661562539565,1.5638632461822295,0.72121222340406,1.3198711119099038,seed44,fingerprint_gp_gaussian,Tanimoto-kernel GP
63,607,0.7716926834845647,1.9701573188068342,0.7713276423834937,1.7265978078878914,seed44,fingerprint_gp_gaussian,Tanimoto-kernel GP
64,608,1.1344874929918893,7.141558128410286,1.1318273606324216,6.866821497954436,seed44,fingerprint_gp_gaussian,Tanimoto-kernel GP
1,607,0.4672457243171534,0.6599341041739952,0.4637442097281713,0.5041667465323081,seed44,gin_small_gaussian,GIN small Gaussian
2,607,0.5361189332150631,0.6551513181109998,0.5360451561120264,0.5183608289212726,seed44,gin_small_gaussian,GIN small Gaussian
3,608,0.5584353506859381,0.6716627781883183,0.5584168551315789,0.5090442332782243,seed44,gin_small_gaussian,GIN small Gaussian
4,607,0.5719697288760031,0.6210932219825299,0.571960108583196,0.4905036645037731,seed44,gin_small_gaussian,GIN small Gaussian
5,608,0.5817921772319687,0.615852868033566,0.5817863883388158,0.4812636002113944,seed44,gin_small_gaussian,GIN small Gaussian
6,607,0.5896461786997561,0.5783634069729174,0.5896424046293246,0.446782794305088,seed44,gin_small_gaussian,GIN small Gaussian
7,608,0.5962837386502831,0.6254687826595663,0.5962814800657895,0.4916836283708874,seed44,gin_small_gaussian,GIN small Gaussian
8,607,0.6016522687468511,0.6049926954049416,0.6016504747775947,0.4652430286124668,seed44,gin_small_gaussian,GIN small Gaussian
9,608,0.6066301398900396,0.6057908670685008,0.6066285459374999,0.47950120976096705,seed44,gin_small_gaussian,GIN small Gaussian
10,607,0.6112144556446009,0.6461335372189431,0.6112132062932455,0.5020619123732238,seed44,gin_small_gaussian,GIN small Gaussian
11,608,0.6152747682681478,0.5937975746881153,0.6152736774671052,0.48439081468080214,seed44,gin_small_gaussian,GIN small Gaussian
12,607,0.619116959914336,0.6217238625338475,0.6191160840197694,0.48876847011057123,seed44,gin_small_gaussian,GIN small Gaussian
13,608,0.6226811070092118,0.5916653721186179,0.6226803821217105,0.47817590832710266,seed44,gin_small_gaussian,GIN small Gaussian
14,607,0.6259371913683073,0.6029831181957853,0.6259365136243822,0.46996501391566364,seed44,gin_small_gaussian,GIN small Gaussian
15,608,0.6289216137480751,0.6094529284217887,0.6289210557401317,0.47948976033612306,seed44,gin_small_gaussian,GIN small Gaussian
16,607,0.6315914054041097,0.6370223004891779,0.6315909290444811,0.5038915062264908,seed44,gin_small_gaussian,GIN small Gaussian
17,608,0.6341194610933283,0.5598647083314134,0.6341191160690789,0.4427298384277444,seed44,gin_small_gaussian,GIN small Gaussian
18,607,0.6363583862593577,0.6234975328630096,0.6363581077100495,0.49397462957969795,seed44,gin_small_gaussian,GIN small Gaussian
19,608,0.6384508377976317,0.5627923174197537,0.6384505149671051,0.4526689639216975,seed44,gin_small_gaussian,GIN small Gaussian
20,607,0.6405431867983163,0.5900750192872555,0.6405429208731467,0.4584040506667713,seed44,gin_small_gaussian,GIN small Gaussian
21,608,0.642537528962668,0.5470958924254766,0.6425372274506579,0.4226560286785427,seed44,gin_small_gaussian,GIN small Gaussian
22,607,0.644525558570433,0.5433989746973024,0.6445253293410214,0.4276058602372348,seed44,gin_small_gaussian,GIN small Gaussian
23,608,0.6465343325408239,0.5759659771055496,0.6465340223519737,0.46314282370241067,seed44,gin_small_gaussian,GIN small Gaussian
24,607,0.6486939528589222,0.5714920379429189,0.6486936658978583,0.440715219947023,seed44,gin_small_gaussian,GIN small Gaussian
25,608,0.650668789276211,0.5303655971547875,0.6506685785361842,0.42034732981732015,seed44,gin_small_gaussian,GIN small Gaussian
26,607,0.6524631489597943,0.5513466210463284,0.652462934398682,0.435372032247226,seed44,gin_small_gaussian,GIN small Gaussian
27,608,0.6543143515654275,0.5241153243035236,0.6543141413157896,0.4158621806847421,seed44,gin_small_gaussian,GIN small Gaussian
28,607,0.6560581326691002,0.5267082716585061,0.6560579534431631,0.4163073062111165,seed44,gin_small_gaussian,GIN small Gaussian
29,608,0.6578027804478784,0.5235409955207947,0.6578025905427631,0.4117825947309795,seed44,gin_small_gaussian,GIN small Gaussian
30,607,0.6594587448662788,0.5417260811192413,0.6594585803789128,0.4260700628038686,seed44,gin_small_gaussian,GIN small Gaussian
31,608,0.661158871340646,0.5537943158928063,0.6611586617269737,0.4332465248672586,seed44,gin_small_gaussian,GIN small Gaussian
32,607,0.6629184850328234,0.52152902269671,0.6629182919769359,0.3979276091498637,seed44,gin_small_gaussian,GIN small Gaussian
33,607,0.6647523665935489,0.5458663747336793,0.6647521439868204,0.4321360467096923,seed44,gin_small_gaussian,GIN small Gaussian
34,608,0.6666775543116485,0.5516834623420814,0.6666772903289474,0.435940430195708,seed44,gin_small_gaussian,GIN small Gaussian
35,607,0.6686696411175421,0.5373629202384896,0.6686693983690281,0.42353119779457954,seed44,gin_small_gaussian,GIN small Gaussian
36,608,0.6705465368823745,0.5583532453556437,0.6705463041282895,0.4241106588589518,seed44,gin_small_gaussian,GIN small Gaussian
37,607,0.6725787470857055,0.5857741857605268,0.6725784910378914,0.4640708755229215,seed44,gin_small_gaussian,GIN small Gaussian
38,608,0.6746954273575648,0.5842439664880481,0.6746951480098684,0.45430721609215985,seed44,gin_small_gaussian,GIN small Gaussian
39,607,0.6768198311494062,0.5658831757989093,0.6768195271499177,0.4495063891717198,seed44,gin_small_gaussian,GIN small Gaussian
40,608,0.6790802440437358,0.582642942364747,0.6790799352796053,0.4610679635876103,seed44,gin_small_gaussian,GIN small Gaussian
41,607,0.6812578282588271,0.6188531815364724,0.6812575624217463,0.4669011760190056,seed44,gin_small_gaussian,GIN small Gaussian
42,608,0.6835041184020897,0.6220148462226941,0.6835037863815788,0.4843066982532804,seed44,gin_small_gaussian,GIN small Gaussian
43,607,0.6859481752248768,0.590702693123501,0.6859478323723229,0.45303667184744867,seed44,gin_small_gaussian,GIN small Gaussian
44,608,0.6883011360569227,0.5977598822414305,0.6883008139638158,0.45637192051661646,seed44,gin_small_gaussian,GIN small Gaussian
45,607,0.6906628705415088,0.6102522752212004,0.6906624490444812,0.47230262662080014,seed44,gin_small_gaussian,GIN small Gaussian
46,608,0.6931237259493093,0.5397211765539063,0.6931233697203948,0.42820384063218764,seed44,gin_small_gaussian,GIN small Gaussian
47,607,0.6956132876923488,0.5752634363655674,0.6956129131466227,0.4520678003301731,seed44,gin_small_gaussian,GIN small Gaussian
48,608,0.6979768208524186,0.5589516993655611,0.6979765014802631,0.43221569563213147,seed44,gin_small_gaussian,GIN small Gaussian
49,607,0.7005895938179129,0.5589048667393426,0.7005891306095552,0.43150934693840814,seed44,gin_small_gaussian,GIN small Gaussian
50,608,0.7034615356191507,0.5778564011367495,0.7034610303782894,0.44909903250242533,seed44,gin_small_gaussian,GIN small Gaussian
51,607,0.7064163472749645,0.6091872991613243,0.7064157948105436,0.4771091036977249,seed44,gin_small_gaussian,GIN small Gaussian
52,608,0.7096226966713923,0.569310529761295,0.7096220712171052,0.43919175408388433,seed44,gin_small_gaussian,GIN small Gaussian
53,607,0.7128066457833233,0.5688793823293403,0.712806017693575,0.4399765528407088,seed44,gin_small_gaussian,GIN small Gaussian
54,608,0.7162269148798461,0.5537427435921009,0.7162261658388157,0.43987288161327964,seed44,gin_small_gaussian,GIN small Gaussian
55,607,0.7202068413834077,0.5930825908627042,0.7202056766721582,0.46502663991007415,seed44,gin_small_gaussian,GIN small Gaussian
56,608,0.7245618747347434,0.6147066778336205,0.7245608088322367,0.4759966687152259,seed44,gin_small_gaussian,GIN small Gaussian
57,607,0.7290640396454776,0.608751754274944,0.7290627894563427,0.46703173843207824,seed44,gin_small_gaussian,GIN small Gaussian
58,608,0.7341152290267468,0.6295382230621623,0.7341135171052633,0.4832025462075284,seed44,gin_small_gaussian,GIN small Gaussian
59,607,0.7400322094069843,0.6121757399694155,0.7400298062602965,0.4886921114348108,seed44,gin_small_gaussian,GIN small Gaussian
60,608,0.7475442992481903,0.6391290069966097,0.7475398869901316,0.5076140209248191,seed44,gin_small_gaussian,GIN small Gaussian
61,607,0.757540598253678,0.6567084654774685,0.7575329977265238,0.5180707441326814,seed44,gin_small_gaussian,GIN small Gaussian
62,608,0.7718756818773987,0.6870028148116322,0.7718615602138158,0.535989962439788,seed44,gin_small_gaussian,GIN small Gaussian
63,607,0.7929303590748709,0.7522826377373415,0.792888230889621,0.5941956688191196,seed44,gin_small_gaussian,GIN small Gaussian
64,608,0.8513257867047653,0.7853552705356317,0.8499532363815788,0.615606424839873,seed44,gin_small_gaussian,GIN small Gaussian
1,607,0.4208215444788209,0.48401210653541576,0.42056922372322897,0.3772806265012436,seed44,tensornet_scratch_gaussian,TensorNet scratch Gaussian
2,607,0.44345802391201083,0.44770925769082337,0.44344399426688635,0.35072002677980324,seed44,tensornet_scratch_gaussian,TensorNet scratch Gaussian
3,608,0.45286446721331514,0.4435413291009394,0.45285973876644736,0.3519053733662555,seed44,tensornet_scratch_gaussian,TensorNet scratch Gaussian
4,607,0.4589060681826623,0.4556589443789402,0.4589030169686985,0.3622549720022588,seed44,tensornet_scratch_gaussian,TensorNet scratch Gaussian
5,608,0.4641855554728723,0.4418422357566719,0.4641835409375,0.3462331436182323,seed44,tensornet_scratch_gaussian,TensorNet scratch Gaussian
6,607,0.4687079959769955,0.45182901996864483,0.4687063447775946,0.35162465945499927,seed44,tensornet_scratch_gaussian,TensorNet scratch Gaussian
7,607,0.4725293908648136,0.46933450235712026,0.4725280969522241,0.36869220765065125,seed44,tensornet_scratch_gaussian,TensorNet scratch Gaussian
8,608,0.4760135347630829,0.46611710246611465,0.47601266250000007,0.37011596199713254,seed44,tensornet_scratch_gaussian,TensorNet scratch Gaussian
9,607,0.4789054406821554,0.47330920396728243,0.478904686523888,0.3773144153236754,seed44,tensornet_scratch_gaussian,TensorNet scratch Gaussian
10,608,0.48191489780957764,0.4790517543125694,0.4819141658717105,0.3761047084080545,seed44,tensornet_scratch_gaussian,TensorNet scratch Gaussian
11,607,0.4848058472038877,0.45597932081111964,0.4848051743986821,0.3647985362535254,seed44,tensornet_scratch_gaussian,TensorNet scratch Gaussian
12,607,0.4876826554795943,0.4785195821210489,0.48768190070840195,0.376265188339711,seed44,tensornet_scratch_gaussian,TensorNet scratch Gaussian
13,608,0.49043711288169745,0.4578142654971902,0.4904365025000001,0.36409962240018345,seed44,tensornet_scratch_gaussian,TensorNet scratch Gaussian
14,607,0.4930807063304756,0.49787623306780715,0.4930801408401977,0.3934764574544237,seed44,tensornet_scratch_gaussian,TensorNet scratch Gaussian
15,608,0.4957949435050777,0.4923541462114881,0.49579436605263155,0.38198510314288897,seed44,tensornet_scratch_gaussian,TensorNet scratch Gaussian
16,607,0.49846222049052213,0.4860031598147276,0.4984615817298188,0.3772098348011098,seed44,tensornet_scratch_gaussian,TensorNet scratch Gaussian
17,607,0.5009403233161915,0.49355124707131326,0.5009398552883032,0.39592591793179704,seed44,tensornet_scratch_gaussian,TensorNet scratch Gaussian
18,608,0.5035612550555834,0.5054530451959387,0.5035606467105262,0.3988349966312709,seed44,tensornet_scratch_gaussian,TensorNet scratch Gaussian
19,607,0.5061576706361712,0.5061294494162251,0.506157106029654,0.40712777503829023,seed44,tensornet_scratch_gaussian,TensorNet scratch Gaussian
20,608,0.5087711486229918,0.5245980486423905,0.508770531611842,0.4155268104452836,seed44,tensornet_scratch_gaussian,TensorNet scratch Gaussian
21,607,0.5116143471965502,0.5055169249383096,0.5116136535914333,0.39893453431482956,seed44,tensornet_scratch_gaussian,TensorNet scratch Gaussian
22,607,0.5144436821030266,0.5188218219699009,0.5144430747446458,0.4039956185530988,seed44,tensornet_scratch_gaussian,TensorNet scratch Gaussian
23,608,0.5172762036647345,0.5136406331256989,0.5172755984539473,0.40999230177778945,seed44,tensornet_scratch_gaussian,TensorNet scratch Gaussian
24,607,0.5201107543602776,0.4925597657874607,0.5201100708401977,0.3926016171249565,seed44,tensornet_scratch_gaussian,TensorNet scratch Gaussian
25,608,0.5230204665917139,0.53258463033756,0.5230196916776316,0.4137379139661789,seed44,tensornet_scratch_gaussian,TensorNet scratch Gaussian
26,607,0.5262083386886943,0.5224942907354313,0.526207528336079,0.40661937094598866,seed44,tensornet_scratch_gaussian,TensorNet scratch Gaussian
27,607,0.5292327640415841,0.5242543233132214,0.5292319674299835,0.41545810039589387,seed44,tensornet_scratch_gaussian,TensorNet scratch Gaussian
28,608,0.5322903951681285,0.5370210616150403,0.532289761299342,0.42246018318753487,seed44,tensornet_scratch_gaussian,TensorNet scratch Gaussian
29,607,0.5352665001728597,0.5366164672710186,0.5352658050906096,0.4328950220513383,seed44,tensornet_scratch_gaussian,TensorNet scratch Gaussian
30,608,0.5382179950848424,0.5255015581494801,0.5382172973190789,0.4059933565164867,seed44,tensornet_scratch_gaussian,TensorNet scratch Gaussian
31,607,0.5414338892016353,0.5353970036319233,0.5414330123558484,0.4223421486441346,seed44,tensornet_scratch_gaussian,TensorNet scratch Gaussian
32,608,0.5446148525586443,0.5639365967552986,0.5446140928453947,0.4458654075860977,seed44,tensornet_scratch_gaussian,TensorNet scratch Gaussian
33,607,0.5478427076715084,0.5636787896663242,0.547841942339374,0.44817747166364935,seed44,tensornet_scratch_gaussian,TensorNet scratch Gaussian
34,607,0.5511058729013011,0.5668590787688831,0.5511050209884678,0.45291795353520253,seed44,tensornet_scratch_gaussian,TensorNet scratch Gaussian
35,608,0.5544885465697791,0.5686578650259962,0.5544876682236842,0.45397795078001524,seed44,tensornet_scratch_gaussian,TensorNet scratch Gaussian
36,607,0.5579286897577805,0.5620789788662356,0.5579277989126853,0.4445779900967191,seed44,tensornet_scratch_gaussian,TensorNet scratch Gaussian
37,608,0.5612676065726803,0.5446340000451299,0.5612667428289474,0.43890176901691835,seed44,tensornet_scratch_gaussian,TensorNet scratch Gaussian
38,607,0.5648725557949029,0.5728058385864748,0.5648715465733114,0.4576142175979237,seed44,tensornet_scratch_gaussian,TensorNet scratch Gaussian
39,607,0.5685901494912188,0.5694006432661456,0.5685892129489291,0.45145079818549616,seed44,tensornet_scratch_gaussian,TensorNet scratch Gaussian
40,608,0.5724876293057961,0.5657664120578724,0.5724863850328947,0.45183694644978173,seed44,tensornet_scratch_gaussian,TensorNet scratch Gaussian
41,607,0.5764574739363881,0.5418317238284681,0.57645642907743,0.42434152386333834,seed44,tensornet_scratch_gaussian,TensorNet scratch Gaussian
42,608,0.5804035041467671,0.5858323351034175,0.5804021898026316,0.45612066356759323,seed44,tensornet_scratch_gaussian,TensorNet scratch Gaussian
43,607,0.5849867956834489,0.5720850125950039,0.5849852484349258,0.46631274859634225,seed44,tensornet_scratch_gaussian,TensorNet scratch Gaussian
44,607,0.5897135551328935,0.5826408375855179,0.5897119719769358,0.46134401365402705,seed44,tensornet_scratch_gaussian,TensorNet scratch Gaussian
45,608,0.5944105321640601,0.5593909223963748,0.5944088016282895,0.4564569782269629,seed44,tensornet_scratch_gaussian,TensorNet scratch Gaussian
46,607,0.5994658157469822,0.5682137645907399,0.5994641684184514,0.4480866796691491,seed44,tensornet_scratch_gaussian,TensorNet scratch Gaussian
47,608,0.6044305627241269,0.6133537052012722,0.6044286823519736,0.4870339145785884,seed44,tensornet_scratch_gaussian,TensorNet scratch Gaussian
48,607,0.6097700476863295,0.566511506109657,0.6097679470840198,0.453563459701161,seed44,tensornet_scratch_gaussian,TensorNet scratch Gaussian
49,607,0.6154109562936185,0.6060168480448775,0.6154085151565074,0.480376062597435,seed44,tensornet_scratch_gaussian,TensorNet scratch Gaussian
50,608,0.6215404263359059,0.6101478465461871,0.6215377936677632,0.4821911803985897,seed44,tensornet_scratch_gaussian,TensorNet scratch Gaussian
51,607,0.6281868840834445,0.6149926910320747,0.6281837513014827,0.4867692102121167,seed44,tensornet_scratch_gaussian,TensorNet scratch Gaussian
52,608,0.6350194384766817,0.6461875893442469,0.6350162641776316,0.5137187978154735,seed44,tensornet_scratch_gaussian,TensorNet scratch Gaussian
53,607,0.6428235655316578,0.6328116771306455,0.6428192824217464,0.49636450300892254,seed44,tensornet_scratch_gaussian,TensorNet scratch Gaussian
54,607,0.651187733059356,0.651346163291812,0.6511824979901154,0.5115994740946486,seed44,tensornet_scratch_gaussian,TensorNet scratch Gaussian
55,608,0.6606387765899974,0.6273584809229853,0.6606322379440789,0.5038195533187766,seed44,tensornet_scratch_gaussian,TensorNet scratch Gaussian
56,607,0.6709903091822093,0.6469881052743608,0.670983506705107,0.5208304524618083,seed44,tensornet_scratch_gaussian,TensorNet scratch Gaussian
57,608,0.6824043390350047,0.6473227385602134,0.6823952151644737,0.5204504133839356,seed44,tensornet_scratch_gaussian,TensorNet scratch Gaussian
58,607,0.6950060626568665,0.6616729890157652,0.6949947690280066,0.5202913441414495,seed44,tensornet_scratch_gaussian,TensorNet scratch Gaussian
59,607,0.709538985127311,0.7095281497882865,0.7095251229489292,0.5558569587632105,seed44,tensornet_scratch_gaussian,TensorNet scratch Gaussian
60,608,0.7261176574568292,0.6875970234800843,0.7260974126973685,0.5480846441105792,seed44,tensornet_scratch_gaussian,TensorNet scratch Gaussian
61,607,0.7472190754014482,0.6896496495143002,0.7471894244151565,0.5460759478699434,seed44,tensornet_scratch_gaussian,TensorNet scratch Gaussian
62,608,0.7752871998909617,0.7022317888853264,0.7752247264638158,0.5542211109086087,seed44,tensornet_scratch_gaussian,TensorNet scratch Gaussian
63,607,0.8213102468556207,0.7692521715656926,0.8211274637397036,0.6020964581648247,seed44,tensornet_scratch_gaussian,TensorNet scratch Gaussian
64,608,0.9502473100010791,1.0551974075965764,0.9445706636019736,0.8041095623844549,seed44,tensornet_scratch_gaussian,TensorNet scratch Gaussian
1,607,0.47506471396290706,0.6943196114837037,0.473443813970346,0.5386624735309029,seed44,tensornet_scratch_nig,TensorNet scratch NIG
2,607,0.5276236129287353,0.559157155625703,0.5275730824217463,0.4267138005088542,seed44,tensornet_scratch_nig,TensorNet scratch NIG
3,608,0.547443884945596,0.5776590141522052,0.5474212520394737,0.4521897482244592,seed44,tensornet_scratch_nig,TensorNet scratch NIG
4,607,0.5618293234841434,0.5775904985264655,0.5618179327182866,0.44466864304644677,seed44,tensornet_scratch_nig,TensorNet scratch NIG
5,608,0.5731897389626845,0.5626469934406445,0.5731811422203946,0.4427120117764723,seed44,tensornet_scratch_nig,TensorNet scratch NIG
6,607,0.5827095839445796,0.5580933982145482,0.5827046606095552,0.4325908109422964,seed44,tensornet_scratch_nig,TensorNet scratch NIG
7,607,0.5904024860895118,0.6083711740414145,0.590398696556837,0.4770585385342995,seed44,tensornet_scratch_nig,TensorNet scratch NIG
8,608,0.5977341640255233,0.5753444969618615,0.5977307109539474,0.4581085978369963,seed44,tensornet_scratch_nig,TensorNet scratch NIG
9,607,0.6044228415972311,0.574422825727798,0.604420003228995,0.45730615612702463,seed44,tensornet_scratch_nig,TensorNet scratch NIG
10,608,0.6104902477754687,0.592167010537175,0.6104877081414474,0.46739054337928176,seed44,tensornet_scratch_nig,TensorNet scratch NIG
11,607,0.616244255848515,0.575875456653604,0.6162422851235584,0.450054785682892,seed44,tensornet_scratch_nig,TensorNet scratch NIG
12,607,0.6217407976216075,0.5943567070874094,0.6217388687149917,0.46810812879433555,seed44,tensornet_scratch_nig,TensorNet scratch NIG
13,608,0.6268072517852085,0.5668610373606185,0.626805635180921,0.4416222111174935,seed44,tensornet_scratch_nig,TensorNet scratch NIG
14,607,0.6315765223835577,0.5665312403868672,0.631574978550247,0.43483497251985104,seed44,tensornet_scratch_nig,TensorNet scratch NIG
15,608,0.636210104088854,0.598293316027737,0.636208753125,0.47069778834518633,seed44,tensornet_scratch_nig,TensorNet scratch NIG
16,607,0.6408625335397191,0.5872167817583384,0.6408612081054366,0.458377390834802,seed44,tensornet_scratch_nig,TensorNet scratch NIG
17,607,0.645464273169581,0.5873478802473407,0.6454628513509061,0.4563991138137742,seed44,tensornet_scratch_nig,TensorNet scratch NIG
18,608,0.6501509192650266,0.600321612419552,0.6501495097861841,0.4680890787588922,seed44,tensornet_scratch_nig,TensorNet scratch NIG
19,607,0.6544399513666121,0.6014852988150329,0.6544387758319605,0.4706435055866273,seed44,tensornet_scratch_nig,TensorNet scratch NIG
20,608,0.6587117397675493,0.6008010877770981,0.6587105511842105,0.47304125130176544,seed44,tensornet_scratch_nig,TensorNet scratch NIG
21,607,0.6630329052482903,0.5918749375592198,0.663031727446458,0.46388804625836394,seed44,tensornet_scratch_nig,TensorNet scratch NIG
22,607,0.6672388673553259,0.6008609810560392,0.6672377897034597,0.47595605583128076,seed44,tensornet_scratch_nig,TensorNet scratch NIG
23,608,0.6713531422809605,0.5951377624730616,0.6713520069736841,0.4668670328039872,seed44,tensornet_scratch_nig,TensorNet scratch NIG
24,607,0.6756298003271191,0.6066334990424406,0.6756287230807249,0.47474060074305025,seed44,tensornet_scratch_nig,TensorNet scratch NIG
25,608,0.6797308017378378,0.6017965035063478,0.6797297166447368,0.4795187829356444,seed44,tensornet_scratch_nig,TensorNet scratch NIG
26,607,0.684056422931123,0.6347484172686745,0.6840552042833609,0.4903991540534885,seed44,tensornet_scratch_nig,TensorNet scratch NIG
27,607,0.6885633552304212,0.6062401888553265,0.6885621189126854,0.467625916652271,seed44,tensornet_scratch_nig,TensorNet scratch NIG
28,608,0.6927668022795126,0.6215324679100213,0.6927657946875,0.4946172075836282,seed44,tensornet_scratch_nig,TensorNet scratch NIG
29,607,0.6968221047400163,0.5926245452227735,0.6968209545304778,0.46208240659861427,seed44,tensornet_scratch_nig,TensorNet scratch NIG
30,608,0.7012484062044119,0.5924090451769682,0.7012473111184211,0.47146156179277515,seed44,tensornet_scratch_nig,TensorNet scratch NIG
31,607,0.70580174925366,0.6073786197247245,0.7058004742998353,0.478987867396196,seed44,tensornet_scratch_nig,TensorNet scratch NIG
32,608,0.7103953689168442,0.611291949667759,0.7103941600822368,0.48311254115481117,seed44,tensornet_scratch_nig,TensorNet scratch NIG
33,607,0.7148816855936669,0.6090628021110763,0.7148805194563427,0.4854062501445437,seed44,tensornet_scratch_nig,TensorNet scratch NIG
34,607,0.7193971508422665,0.6166507310726448,0.7193959714003294,0.4819072544280151,seed44,tensornet_scratch_nig,TensorNet scratch NIG
35,608,0.7240497138403843,0.6550916744346273,0.7240484863486841,0.5170937166402215,seed44,tensornet_scratch_nig,TensorNet scratch NIG
36,607,0.728786314588089,0.6156204591009957,0.7287848987808896,0.489139244858869,seed44,tensornet_scratch_nig,TensorNet scratch NIG
37,608,0.7338146367329452,0.5845034783648492,0.7338132599177631,0.45398137020437335,seed44,tensornet_scratch_nig,TensorNet scratch NIG
38,607,0.7387506639143959,0.6140343289307646,0.7387491094728171,0.4742447553003051,seed44,tensornet_scratch_nig,TensorNet scratch NIG
39,607,0.743930336456147,0.6541486457791731,0.7439288175288302,0.5051709096553495,seed44,tensornet_scratch_nig,TensorNet scratch NIG
40,608,0.7489769776909297,0.6350823291953427,0.7489755757894736,0.49076546509014934,seed44,tensornet_scratch_nig,TensorNet scratch NIG
41,607,0.754033520846605,0.6604932903198992,0.7540320934266886,0.5144910749532835,seed44,tensornet_scratch_nig,TensorNet scratch NIG
42,608,0.7594155548411081,0.6466802895543704,0.7594140485690789,0.5209234967043525,seed44,tensornet_scratch_nig,TensorNet scratch NIG
43,607,0.7648265024950754,0.633016712902133,0.7648245930477758,0.4953056415576714,seed44,tensornet_scratch_nig,TensorNet scratch NIG
44,607,0.7707225694301852,0.6342956877203909,0.7707207622405271,0.5021905333441997,seed44,tensornet_scratch_nig,TensorNet scratch NIG
45,608,0.7767476924023138,0.6325090326501809,0.7767455656250001,0.5001916524611021,seed44,tensornet_scratch_nig,TensorNet scratch NIG
46,607,0.7831137537005122,0.6706518722708471,0.7831117022570017,0.5222117167917468,seed44,tensornet_scratch_nig,TensorNet scratch NIG
47,608,0.7895353336236597,0.6460935170407388,0.7895327259375001,0.5029480156145599,seed44,tensornet_scratch_nig,TensorNet scratch NIG
48,607,0.7961945458342561,0.6517941185786061,0.7961922594728171,0.5077955775441605,seed44,tensornet_scratch_nig,TensorNet scratch NIG
49,607,0.8032042124135212,0.660361295642833,0.8032014966062604,0.5167325293212589,seed44,tensornet_scratch_nig,TensorNet scratch NIG
50,608,0.8104457730701465,0.6802193282134645,0.8104429496875,0.5252588135631461,seed44,tensornet_scratch_nig,TensorNet scratch NIG
51,607,0.8188904898048015,0.687152117983822,0.8188863622570016,0.5445920279626988,seed44,tensornet_scratch_nig,TensorNet scratch NIG
52,608,0.8275360501073018,0.648804231723343,0.8275322559539474,0.5009759223774859,seed44,tensornet_scratch_nig,TensorNet scratch NIG
53,607,0.8366467603378159,0.707636927429426,0.8366426759308072,0.5451414273244741,seed44,tensornet_scratch_nig,TensorNet scratch NIG
54,607,0.8459459393548229,0.6992419788354765,0.8459408845963756,0.562859473629092,seed44,tensornet_scratch_nig,TensorNet scratch NIG
55,608,0.8565527984155115,0.7399505060284882,0.8565466866447368,0.5745097508555964,seed44,tensornet_scratch_nig,TensorNet scratch NIG
56,607,0.8684796432079236,0.7336895874937805,0.868471586243822,0.5866440177552978,seed44,tensornet_scratch_nig,TensorNet scratch NIG
57,608,0.8812389922057922,0.7389328088844006,0.8812314466282894,0.5881555594896014,seed44,tensornet_scratch_nig,TensorNet scratch NIG
58,607,0.894992677439314,0.7226265077342955,0.8949823558649094,0.560492824290494,seed44,tensornet_scratch_nig,TensorNet scratch NIG
59,607,0.9108747920725276,0.741828216486239,0.9108617748434926,0.5936599678026981,seed44,tensornet_scratch_nig,TensorNet scratch NIG
60,608,0.9294411199909124,0.7783823104768969,0.9294229548684211,0.6256504756839651,seed44,tensornet_scratch_nig,TensorNet scratch NIG
61,607,0.9503221291056506,0.7963699942010383,0.9503009679406919,0.6373806225998201,seed44,tensornet_scratch_nig,TensorNet scratch NIG
62,608,0.9768764297155976,0.8141044693074122,0.9768343129276316,0.6710261606856396,seed44,tensornet_scratch_nig,TensorNet scratch NIG
63,607,1.0163203883251506,0.9007679564082198,1.016210682092257,0.758408085636095,seed44,tensornet_scratch_nig,TensorNet scratch NIG
64,608,1.1271628854147795,1.1385066115603424,1.1210256432565788,0.9584639072418213,seed44,tensornet_scratch_nig,TensorNet scratch NIG
